CREATE DATABASE  IF NOT EXISTS `goma` /*!40100 DEFAULT CHARACTER SET latin1 */;
USE `goma`;
-- MySQL dump 10.13  Distrib 5.5.49, for debian-linux-gnu (i686)
--
-- Host: 127.0.0.1    Database: goma
-- ------------------------------------------------------
-- Server version	5.5.49-0ubuntu0.14.04.1

/*!40101 SET @OLD_CHARACTER_SET_CLIENT=@@CHARACTER_SET_CLIENT */;
/*!40101 SET @OLD_CHARACTER_SET_RESULTS=@@CHARACTER_SET_RESULTS */;
/*!40101 SET @OLD_COLLATION_CONNECTION=@@COLLATION_CONNECTION */;
/*!40101 SET NAMES utf8 */;
/*!40103 SET @OLD_TIME_ZONE=@@TIME_ZONE */;
/*!40103 SET TIME_ZONE='+00:00' */;
/*!40014 SET @OLD_UNIQUE_CHECKS=@@UNIQUE_CHECKS, UNIQUE_CHECKS=0 */;
/*!40014 SET @OLD_FOREIGN_KEY_CHECKS=@@FOREIGN_KEY_CHECKS, FOREIGN_KEY_CHECKS=0 */;
/*!40101 SET @OLD_SQL_MODE=@@SQL_MODE, SQL_MODE='NO_AUTO_VALUE_ON_ZERO' */;
/*!40111 SET @OLD_SQL_NOTES=@@SQL_NOTES, SQL_NOTES=0 */;

--
-- Table structure for table `chi_tiet_don_hang`
--

DROP TABLE IF EXISTS `chi_tiet_don_hang`;
/*!40101 SET @saved_cs_client     = @@character_set_client */;
/*!40101 SET character_set_client = utf8 */;
CREATE TABLE `chi_tiet_don_hang` (
  `id` int(10) unsigned NOT NULL AUTO_INCREMENT,
  `donhang_id` int(10) unsigned NOT NULL,
  `vatdung_id` int(10) unsigned NOT NULL,
  `so_luong` int(11) NOT NULL,
  `created_at` timestamp NULL DEFAULT NULL,
  `updated_at` timestamp NULL DEFAULT NULL,
  `don_gia` double DEFAULT NULL,
  PRIMARY KEY (`id`),
  KEY `chi_tiet_don_hang_donhang_id_foreign` (`donhang_id`),
  KEY `chi_tiet_don_hang_vatdung_id_foreign` (`vatdung_id`),
  CONSTRAINT `chi_tiet_don_hang_donhang_id_foreign` FOREIGN KEY (`donhang_id`) REFERENCES `don_hang` (`id`) ON DELETE CASCADE,
  CONSTRAINT `chi_tiet_don_hang_vatdung_id_foreign` FOREIGN KEY (`vatdung_id`) REFERENCES `vat_dung` (`id`) ON DELETE CASCADE
) ENGINE=InnoDB AUTO_INCREMENT=18 DEFAULT CHARSET=utf8 COLLATE=utf8_unicode_ci;
/*!40101 SET character_set_client = @saved_cs_client */;

--
-- Dumping data for table `chi_tiet_don_hang`
--

LOCK TABLES `chi_tiet_don_hang` WRITE;
/*!40000 ALTER TABLE `chi_tiet_don_hang` DISABLE KEYS */;
INSERT INTO `chi_tiet_don_hang` VALUES (1,1,1,24,'2016-07-02 20:47:35','2016-07-02 20:47:35',NULL),(2,2,1,6,'2016-07-02 21:23:53','2016-07-02 21:23:53',NULL),(3,2,2,1,'2016-07-02 21:23:53','2016-07-02 21:23:53',NULL),(4,3,2,1,'2016-07-03 04:08:40','2016-07-03 04:08:40',NULL),(5,4,1,6,'2016-07-09 20:21:28','2016-07-09 20:21:28',NULL),(6,4,3,1,'2016-07-09 20:21:28','2016-07-09 20:21:28',NULL),(7,5,1,48,'2016-07-11 09:04:17','2016-07-11 09:04:17',NULL),(8,5,2,4,'2016-07-11 09:04:17','2016-07-11 09:04:17',NULL),(9,5,3,8,'2016-07-11 09:04:17','2016-07-11 09:04:17',NULL),(10,6,1,108,'2016-07-11 19:29:30','2016-07-11 19:29:30',NULL),(11,6,2,8,'2016-07-11 19:29:30','2016-07-11 19:29:30',NULL),(12,6,3,12,'2016-07-11 19:29:30','2016-07-11 19:29:30',NULL),(13,7,1,4,'2016-07-11 19:41:16','2016-07-11 19:41:16',NULL),(14,7,2,1,'2016-07-11 19:41:16','2016-07-11 19:41:16',NULL),(15,8,1,8,'2016-07-14 07:21:47','2016-07-14 07:21:47',NULL),(16,8,2,1,'2016-07-14 07:21:47','2016-07-14 07:21:47',NULL),(17,8,3,1,'2016-07-14 07:21:47','2016-07-14 07:21:47',2);
/*!40000 ALTER TABLE `chi_tiet_don_hang` ENABLE KEYS */;
UNLOCK TABLES;

--
-- Table structure for table `chi_tiet_vat_dung`
--

DROP TABLE IF EXISTS `chi_tiet_vat_dung`;
/*!40101 SET @saved_cs_client     = @@character_set_client */;
/*!40101 SET character_set_client = utf8 */;
CREATE TABLE `chi_tiet_vat_dung` (
  `id` int(10) unsigned NOT NULL AUTO_INCREMENT,
  `vatdung_id` int(10) unsigned NOT NULL,
  `vatlieu_id` int(10) unsigned NOT NULL,
  `so_luong` int(11) NOT NULL,
  `created_at` timestamp NULL DEFAULT NULL,
  `updated_at` timestamp NULL DEFAULT NULL,
  PRIMARY KEY (`id`),
  KEY `chi_tiet_vat_dung_vatdung_id_foreign` (`vatdung_id`),
  KEY `chi_tiet_vat_dung_vatlieu_id_foreign` (`vatlieu_id`),
  CONSTRAINT `chi_tiet_vat_dung_vatdung_id_foreign` FOREIGN KEY (`vatdung_id`) REFERENCES `vat_dung` (`id`) ON DELETE CASCADE,
  CONSTRAINT `chi_tiet_vat_dung_vatlieu_id_foreign` FOREIGN KEY (`vatlieu_id`) REFERENCES `vat_lieu` (`id`) ON DELETE CASCADE
) ENGINE=InnoDB AUTO_INCREMENT=26 DEFAULT CHARSET=utf8 COLLATE=utf8_unicode_ci;
/*!40101 SET character_set_client = @saved_cs_client */;

--
-- Dumping data for table `chi_tiet_vat_dung`
--

LOCK TABLES `chi_tiet_vat_dung` WRITE;
/*!40000 ALTER TABLE `chi_tiet_vat_dung` DISABLE KEYS */;
INSERT INTO `chi_tiet_vat_dung` VALUES (1,1,1,6,'2016-07-02 20:45:42','2016-07-02 20:45:42'),(2,1,2,1,'2016-07-02 20:45:42','2016-07-02 20:45:42'),(3,1,3,1,'2016-07-02 20:45:42','2016-07-02 20:45:42'),(4,1,5,2,'2016-07-02 20:45:42','2016-07-02 20:45:42'),(5,1,6,2,'2016-07-02 20:45:42','2016-07-02 20:45:42'),(6,1,7,2,'2016-07-02 20:45:42','2016-07-02 20:45:42'),(7,1,8,2,'2016-07-02 20:45:42','2016-07-02 20:45:42'),(8,1,9,2,'2016-07-02 20:45:42','2016-07-02 20:45:42'),(9,1,10,2,'2016-07-02 20:45:42','2016-07-02 20:45:42'),(10,1,11,1,'2016-07-02 20:45:42','2016-07-02 20:45:42'),(11,1,12,1,'2016-07-02 20:45:42','2016-07-02 20:45:42'),(12,1,13,1,'2016-07-02 20:45:42','2016-07-02 20:45:42'),(13,1,14,1,'2016-07-02 20:45:42','2016-07-02 20:45:42'),(14,2,1,4,'2016-07-02 21:23:18','2016-07-02 21:23:18'),(15,2,12,4,'2016-07-02 21:23:18','2016-07-02 21:23:18'),(16,2,3,2,'2016-07-02 21:23:18','2016-07-02 21:23:18'),(17,2,14,1,'2016-07-02 21:23:18','2016-07-02 21:23:18'),(18,3,5,1,'2016-07-09 20:17:38','2016-07-09 20:17:38'),(19,3,11,3,'2016-07-09 20:17:38','2016-07-09 20:17:38'),(20,3,14,6,'2016-07-09 20:17:38','2016-07-09 20:17:38'),(21,4,1,4,'2016-07-21 06:45:27','2016-07-21 06:45:27'),(22,4,13,4,'2016-07-21 06:45:27','2016-07-21 06:45:27'),(23,4,6,2,'2016-07-21 06:45:27','2016-07-21 06:45:27'),(24,4,5,1,'2016-07-21 06:45:27','2016-07-21 06:45:27'),(25,4,12,2,'2016-07-21 06:45:27','2016-07-21 06:45:27');
/*!40000 ALTER TABLE `chi_tiet_vat_dung` ENABLE KEYS */;
UNLOCK TABLES;

--
-- Table structure for table `don_hang`
--

DROP TABLE IF EXISTS `don_hang`;
/*!40101 SET @saved_cs_client     = @@character_set_client */;
/*!40101 SET character_set_client = utf8 */;
CREATE TABLE `don_hang` (
  `id` int(10) unsigned NOT NULL AUTO_INCREMENT,
  `ma_don_hang` varchar(255) COLLATE utf8_unicode_ci NOT NULL,
  `khach_hang` varchar(255) COLLATE utf8_unicode_ci NOT NULL,
  `nguoi_tao_don` varchar(255) COLLATE utf8_unicode_ci NOT NULL,
  `tong_gia` double NOT NULL,
  `mo_ta` varchar(255) COLLATE utf8_unicode_ci NOT NULL,
  `trang_thai` int(11) NOT NULL,
  `created_at` timestamp NULL DEFAULT NULL,
  `updated_at` timestamp NULL DEFAULT NULL,
  `ngay_giao_hang` date DEFAULT NULL,
  PRIMARY KEY (`id`)
) ENGINE=InnoDB AUTO_INCREMENT=9 DEFAULT CHARSET=utf8 COLLATE=utf8_unicode_ci;
/*!40101 SET character_set_client = @saved_cs_client */;

--
-- Dumping data for table `don_hang`
--

LOCK TABLES `don_hang` WRITE;
/*!40000 ALTER TABLE `don_hang` DISABLE KEYS */;
INSERT INTO `don_hang` VALUES (1,'DH1','HopDD','admin',576,'',2,'2016-07-02 20:47:35','2016-07-19 09:08:36',NULL),(2,'DH2','DungNT3','admin',155,'',0,'2016-07-02 21:23:53','2016-07-19 08:42:47',NULL),(3,'DH3','TramNT3','admin',11,'',0,'2016-07-03 04:08:40','2016-07-19 08:41:31',NULL),(4,'DH4','HopDD','admin',156,'Đơn hàng cho quán 31 ',0,'2016-07-09 20:21:28','2016-07-19 08:54:21','2016-07-14'),(5,'DH5','AnhNH4','admin',1292,'Đơn hàng cực lớn',0,'2016-07-11 09:04:17','2016-07-14 08:31:39','2016-07-16'),(6,'DH6','Vinhnt30','admin',2824,'Đơn hàng cho nhà ăn A1-5',2,'2016-07-11 19:29:30','2016-07-19 09:08:08','2016-07-15'),(7,'DH7','CongDH','admin',107,'Bàn cho cafe A1',0,'2016-07-11 19:41:16','2016-07-14 08:02:50','2016-07-16'),(8,'DH8','HuyDQ','admin',2,'Đơn hàng cho Viettel Long An',2,'2016-07-14 07:21:47','2016-07-19 09:08:01','2016-07-21');
/*!40000 ALTER TABLE `don_hang` ENABLE KEYS */;
UNLOCK TABLES;

--
-- Table structure for table `go_thua`
--

DROP TABLE IF EXISTS `go_thua`;
/*!40101 SET @saved_cs_client     = @@character_set_client */;
/*!40101 SET character_set_client = utf8 */;
CREATE TABLE `go_thua` (
  `id` int(10) unsigned NOT NULL AUTO_INCREMENT,
  `dai` int(11) NOT NULL,
  `rong` int(11) NOT NULL,
  `cao` int(11) NOT NULL,
  `chat_lieu` int(11) NOT NULL,
  `created_at` timestamp NULL DEFAULT NULL,
  `updated_at` timestamp NULL DEFAULT NULL,
  `ten` varchar(255) COLLATE utf8_unicode_ci DEFAULT NULL,
  `yeu_cau` int(11) DEFAULT '0',
  PRIMARY KEY (`id`)
) ENGINE=InnoDB AUTO_INCREMENT=121 DEFAULT CHARSET=utf8 COLLATE=utf8_unicode_ci;
/*!40101 SET character_set_client = @saved_cs_client */;

--
-- Dumping data for table `go_thua`
--

LOCK TABLES `go_thua` WRITE;
/*!40000 ALTER TABLE `go_thua` DISABLE KEYS */;
INSERT INTO `go_thua` VALUES (1,76,23,0,1,NULL,NULL,'Go thua',0),(2,76,23,0,1,NULL,NULL,'Go thua',0),(3,76,23,0,1,NULL,NULL,'Go thua',0),(4,76,23,0,1,NULL,NULL,'Go thua',0),(5,76,23,0,1,NULL,NULL,'Go thua',0),(6,76,23,0,1,NULL,NULL,'Go thua',0),(7,76,23,0,1,NULL,NULL,'Go thua',0),(8,76,23,0,1,NULL,NULL,'Go thua',0),(9,76,23,0,1,NULL,NULL,'Go thua',0),(10,76,23,0,1,NULL,NULL,'Go thua',0),(11,76,23,0,1,NULL,NULL,'Go thua',0),(12,76,23,0,1,NULL,NULL,'Go thua',0),(13,76,23,0,1,NULL,NULL,'Go thua',0),(14,76,23,0,1,NULL,NULL,'Go thua',0),(15,76,23,0,1,NULL,NULL,'Go thua',0),(16,48,24,0,1,NULL,NULL,'Go thua',0),(17,8,76,0,1,NULL,NULL,'Go thua',0),(18,8,76,0,1,NULL,NULL,'Go thua',0),(19,8,76,0,1,NULL,NULL,'Go thua',0),(20,1,795,0,1,NULL,NULL,'Go thua',0),(21,4,76,0,1,NULL,NULL,'Go thua',0),(22,14,24,0,1,NULL,NULL,'Go thua',0),(23,76,4,0,1,NULL,NULL,'Go thua',0),(24,76,4,0,1,NULL,NULL,'Go thua',0),(25,76,4,0,1,NULL,NULL,'Go thua',0),(26,76,4,0,1,NULL,NULL,'Go thua',0),(27,415,14,0,1,NULL,NULL,'Go thua',0),(28,415,14,0,1,NULL,NULL,'Go thua',0),(29,800,174,0,1,NULL,NULL,'Go thua',0),(30,76,74,0,1,NULL,NULL,'Go thua',0),(31,56,76,0,1,NULL,NULL,'Go thua',0),(32,76,74,0,1,NULL,NULL,'Go thua',0),(33,76,74,0,1,NULL,NULL,'Go thua',0),(34,76,74,0,1,NULL,NULL,'Go thua',0),(35,76,74,0,1,NULL,NULL,'Go thua',0),(36,1200,162,0,1,NULL,NULL,'Go thua',0),(37,52,254,0,1,NULL,NULL,'Go thua',0),(38,52,254,0,1,NULL,NULL,'Go thua',0),(39,52,254,0,1,NULL,NULL,'Go thua',0),(40,52,254,0,1,NULL,NULL,'Go thua',0),(41,52,254,0,1,NULL,NULL,'Go thua',0),(42,52,254,0,1,NULL,NULL,'Go thua',0),(43,52,254,0,1,NULL,NULL,'Go thua',0),(44,52,254,0,1,NULL,NULL,'Go thua',0),(45,52,254,0,1,NULL,NULL,'Go thua',0),(46,52,254,0,1,NULL,NULL,'Go thua',0),(47,52,254,0,1,NULL,NULL,'Go thua',0),(48,52,254,0,1,NULL,NULL,'Go thua',0),(49,52,254,0,1,NULL,NULL,'Go thua',0),(50,52,254,0,1,NULL,NULL,'Go thua',0),(51,52,254,0,1,NULL,NULL,'Go thua',0),(52,76,62,0,1,NULL,NULL,'Go thua',0),(53,51,66,0,1,NULL,NULL,'Go thua',0),(54,52,62,0,1,NULL,NULL,'Go thua',0),(55,1200,3,0,1,NULL,NULL,'Go thua',0),(56,1,795,0,1,NULL,NULL,'Go thua',0),(57,1,795,0,1,NULL,NULL,'Go thua',0),(58,1,795,0,1,NULL,NULL,'Go thua',0),(59,1200,21,0,1,NULL,NULL,'Go thua',0),(60,45,334,0,1,NULL,NULL,'Go thua',0),(61,52,14,0,1,NULL,NULL,'Go thua',0),(62,18,382,0,1,NULL,NULL,'Go thua',0),(63,176,11,0,1,NULL,NULL,'Go thua',0),(64,48,14,0,1,NULL,NULL,'Go thua',0),(65,14,382,0,1,NULL,NULL,'Go thua',0),(66,48,29,0,1,NULL,NULL,'Go thua',0),(67,14,382,0,1,NULL,NULL,'Go thua',0),(68,764,38,0,1,NULL,NULL,'Go thua',0),(69,17,334,0,1,NULL,NULL,'Go thua',0),(70,1200,42,0,1,NULL,NULL,'Go thua',0),(71,45,334,0,1,NULL,NULL,'Go thua',0),(72,52,14,0,1,NULL,NULL,'Go thua',0),(73,18,382,0,1,NULL,NULL,'Go thua',0),(74,83,14,0,1,NULL,NULL,'Go thua',0),(75,15,382,0,1,NULL,NULL,'Go thua',0),(76,52,14,0,1,NULL,NULL,'Go thua',0),(77,18,382,0,1,NULL,NULL,'Go thua',0),(78,17,400,0,1,NULL,NULL,'Go thua',0),(79,83,14,0,1,NULL,NULL,'Go thua',0),(80,15,382,0,1,NULL,NULL,'Go thua',0),(81,1200,42,0,1,NULL,NULL,'Go thua',0),(82,45,334,0,1,NULL,NULL,'Go thua',0),(83,64,14,0,1,NULL,NULL,'Go thua',0),(84,96,14,0,1,NULL,NULL,'Go thua',0),(85,28,382,0,1,NULL,NULL,'Go thua',0),(86,96,14,0,1,NULL,NULL,'Go thua',0),(87,28,382,0,1,NULL,NULL,'Go thua',0),(88,49,14,0,1,NULL,NULL,'Go thua',0),(89,15,382,0,1,NULL,NULL,'Go thua',0),(90,52,14,0,1,NULL,NULL,'Go thua',0),(91,18,382,0,1,NULL,NULL,'Go thua',0),(92,1200,192,0,1,NULL,NULL,'Go thua',0),(93,12,334,0,1,NULL,NULL,'Go thua',0),(94,12,334,0,1,NULL,NULL,'Go thua',0),(95,34,334,0,1,NULL,NULL,'Go thua',0),(96,792,44,0,1,NULL,NULL,'Go thua',0),(97,45,334,0,1,NULL,NULL,'Go thua',0),(98,648,14,0,1,NULL,NULL,'Go thua',0),(99,2,382,0,1,NULL,NULL,'Go thua',0),(100,8,400,0,1,NULL,NULL,'Go thua',0),(101,1200,34,0,1,NULL,NULL,'Go thua',0),(102,37,334,0,1,NULL,NULL,'Go thua',0),(103,37,334,0,1,NULL,NULL,'Go thua',0),(104,10,334,0,1,NULL,NULL,'Go thua',0),(105,12,334,0,1,NULL,NULL,'Go thua',0),(106,1200,174,0,1,NULL,NULL,'Go thua',0),(107,880,6,0,1,NULL,NULL,'Go thua',0),(108,60,254,0,1,NULL,NULL,'Go thua',0),(109,48,264,0,1,NULL,NULL,'Go thua',0),(110,161,66,0,1,NULL,NULL,'Go thua',0),(111,264,2,0,1,NULL,NULL,'Go thua',0),(112,45,264,0,1,NULL,NULL,'Go thua',0),(113,12,334,0,1,NULL,NULL,'Go thua',0),(114,30,334,0,1,NULL,NULL,'Go thua',0),(115,37,334,0,1,NULL,NULL,'Go thua',0),(116,37,334,0,1,NULL,NULL,'Go thua',0),(117,1200,1626,0,1,NULL,NULL,'Go thua',0),(118,790,254,0,1,NULL,NULL,'Go thua',0),(119,52,254,0,1,NULL,NULL,'Go thua',0),(120,52,254,0,1,NULL,NULL,'Go thua',0);
/*!40000 ALTER TABLE `go_thua` ENABLE KEYS */;
UNLOCK TABLES;

--
-- Table structure for table `jobs`
--

DROP TABLE IF EXISTS `jobs`;
/*!40101 SET @saved_cs_client     = @@character_set_client */;
/*!40101 SET character_set_client = utf8 */;
CREATE TABLE `jobs` (
  `id` bigint(20) unsigned NOT NULL AUTO_INCREMENT,
  `queue` varchar(255) COLLATE utf8_unicode_ci NOT NULL,
  `payload` longtext COLLATE utf8_unicode_ci NOT NULL,
  `attempts` tinyint(3) unsigned NOT NULL,
  `reserved` tinyint(3) unsigned NOT NULL,
  `reserved_at` int(10) unsigned DEFAULT NULL,
  `available_at` int(10) unsigned NOT NULL,
  `created_at` int(10) unsigned NOT NULL,
  PRIMARY KEY (`id`),
  KEY `jobs_queue_reserved_reserved_at_index` (`queue`,`reserved`,`reserved_at`)
) ENGINE=InnoDB DEFAULT CHARSET=utf8 COLLATE=utf8_unicode_ci;
/*!40101 SET character_set_client = @saved_cs_client */;

--
-- Dumping data for table `jobs`
--

LOCK TABLES `jobs` WRITE;
/*!40000 ALTER TABLE `jobs` DISABLE KEYS */;
/*!40000 ALTER TABLE `jobs` ENABLE KEYS */;
UNLOCK TABLES;

--
-- Table structure for table `migrations`
--

DROP TABLE IF EXISTS `migrations`;
/*!40101 SET @saved_cs_client     = @@character_set_client */;
/*!40101 SET character_set_client = utf8 */;
CREATE TABLE `migrations` (
  `migration` varchar(255) COLLATE utf8_unicode_ci NOT NULL,
  `batch` int(11) NOT NULL
) ENGINE=InnoDB DEFAULT CHARSET=utf8 COLLATE=utf8_unicode_ci;
/*!40101 SET character_set_client = @saved_cs_client */;

--
-- Dumping data for table `migrations`
--

LOCK TABLES `migrations` WRITE;
/*!40000 ALTER TABLE `migrations` DISABLE KEYS */;
INSERT INTO `migrations` VALUES ('2016_06_23_155936_DonHang',1),('2016_06_23_160623_VatDung',1),('2016_06_23_161039_VatLieu',1),('2016_06_23_162733_ChiTietDonHang',1),('2016_06_23_163635_ChiTietVatDung',1),('2016_06_25_110214_User',1),('2016_06_26_101645_GoThua',1),('2016_07_02_021817_create_jobs_table',2),('2016_06_26_100333_Session',3);
/*!40000 ALTER TABLE `migrations` ENABLE KEYS */;
UNLOCK TABLES;

--
-- Table structure for table `session`
--

DROP TABLE IF EXISTS `session`;
/*!40101 SET @saved_cs_client     = @@character_set_client */;
/*!40101 SET character_set_client = utf8 */;
CREATE TABLE `session` (
  `id` int(10) unsigned NOT NULL AUTO_INCREMENT,
  `donhang_id` int(10) unsigned NOT NULL,
  `nguoi_xu_ly` varchar(255) COLLATE utf8_unicode_ci NOT NULL,
  `trang_thai` int(11) NOT NULL,
  `sketch` mediumtext COLLATE utf8_unicode_ci NOT NULL,
  `created_at` timestamp NULL DEFAULT NULL,
  `updated_at` timestamp NULL DEFAULT NULL,
  PRIMARY KEY (`id`),
  KEY `session_donhang_id_foreign` (`donhang_id`),
  CONSTRAINT `session_donhang_id_foreign` FOREIGN KEY (`donhang_id`) REFERENCES `don_hang` (`id`) ON DELETE CASCADE
) ENGINE=InnoDB AUTO_INCREMENT=4 DEFAULT CHARSET=utf8 COLLATE=utf8_unicode_ci;
/*!40101 SET character_set_client = @saved_cs_client */;

--
-- Dumping data for table `session`
--

LOCK TABLES `session` WRITE;
/*!40000 ALTER TABLE `session` DISABLE KEYS */;
INSERT INTO `session` VALUES (1,8,'admin',2,'{\"panels\":[{\"width\":2400,\"height\":1200,\"req\":0,\"rects\":[[0,0,795,105,\"A10\"],[109,0,795,105,\"A10\"],[218,0,795,105,\"A10\"],[327,0,795,105,\"A10\"],[436,0,795,105,\"A10\"],[545,0,795,105,\"A10\"],[654,0,795,105,\"A10\"],[763,0,795,105,\"A10\"],[872,0,795,105,\"A10\"],[981,0,795,105,\"A10\"],[1090,0,795,105,\"A10\"],[0,799,795,105,\"A10\"],[109,799,795,105,\"A10\"],[218,799,795,105,\"A10\"],[327,799,795,105,\"A10\"],[436,799,795,105,\"A10\"],[545,799,415,60,\"A8\"],[609,799,415,60,\"A8\"],[673,799,415,60,\"A8\"],[737,799,415,60,\"A8\"],[801,799,415,60,\"A8\"],[865,799,415,60,\"A8\"],[929,799,415,60,\"A8\"],[993,799,415,60,\"A8\"],[1057,799,415,60,\"A8\"],[1121,799,415,60,\"A8\"],[0,1598,415,60,\"A8\"],[64,1598,415,60,\"A8\"],[128,1598,415,60,\"A8\"],[192,1598,415,60,\"A8\"],[256,1598,415,60,\"A8\"],[320,1598,415,60,\"A8\"],[384,1598,400,124,\"A3\"],[512,1598,400,124,\"A3\"],[640,1598,400,124,\"A3\"],[768,1598,400,283,\"A2\"],[1055,1598,400,124,\"A3\"],[0,2017,382,30,\"A9\"],[34,2017,382,30,\"A9\"],[68,2017,382,30,\"A9\"],[102,2017,382,30,\"A9\"],[136,2017,382,30,\"A9\"],[170,2017,382,30,\"A9\"],[204,2017,382,30,\"A9\"],[238,2017,382,30,\"A9\"],[272,2017,382,30,\"A9\"],[306,2017,382,30,\"A9\"],[340,2017,382,30,\"A9\"],[374,2017,382,30,\"A9\"],[408,2017,382,30,\"A9\"],[442,2017,382,30,\"A9\"],[476,2017,382,30,\"A9\"],[510,2017,382,30,\"A9\"],[545,1218,334,207,\"A13\"],[756,1218,334,160,\"A14\"],[920,1218,334,160,\"A14\"],[544,2017,334,160,\"A14\"],[708,2017,334,160,\"A14\"],[872,2017,334,160,\"A14\"],[1036,2017,334,160,\"A14\"],[1084,1218,334,50,\"A1\"],[1138,1218,334,50,\"A1\"],[545,1556,16,76,\"A7\"],[625,1556,16,76,\"A7\"],[705,1556,16,76,\"A7\"],[785,1556,16,76,\"A7\"],[865,1556,16,76,\"A7\"],[945,1556,16,76,\"A7\"],[1025,1556,16,76,\"A7\"],[1105,1556,16,76,\"A7\"],[1183,1598,76,16,\"A7\"],[1183,1678,76,16,\"A7\"],[1183,1758,76,16,\"A7\"],[1183,1838,76,16,\"A7\"],[1183,1918,76,16,\"A7\"],[544,2355,16,76,\"A7\"],[624,2355,16,76,\"A7\"],[704,2355,16,76,\"A7\"]],\"remains\":[[784,2355,44,416,0],[704,2375,24,76,0],[624,2375,24,76,0],[544,2375,24,76,0],[384,2002,11,816,0],[1185,1556,38,15,0],[1105,1576,18,76,0],[1025,1576,18,76,0],[945,1576,18,76,0],[865,1576,18,76,0],[785,1576,18,76,0],[705,1576,18,76,0],[625,1576,18,76,0],[545,1576,18,76,0],[1192,1218,334,8,0],[1185,799,415,15,0],[1199,0,795,1,0]],\"id\":\"panel_8_1\"},{\"width\":2400,\"height\":1200,\"req\":0,\"rects\":[[0,0,400,283,\"A2\"],[287,0,400,283,\"A2\"],[574,0,400,283,\"A2\"],[861,0,400,283,\"A2\"],[0,404,400,124,\"A3\"],[128,404,400,124,\"A3\"],[256,404,400,180,\"A11\"],[440,404,400,180,\"A11\"],[624,404,400,180,\"A11\"],[808,404,400,180,\"A11\"],[992,404,400,180,\"A11\"],[0,808,400,124,\"A3\"],[128,808,400,124,\"A3\"],[256,808,400,124,\"A3\"],[384,808,400,124,\"A3\"],[512,808,400,283,\"A2\"],[799,808,400,283,\"A2\"],[0,1212,400,180,\"A11\"],[184,1212,400,283,\"A2\"],[471,1212,400,180,\"A11\"],[655,1212,400,180,\"A11\"],[839,1212,400,180,\"A11\"],[0,1616,400,180,\"A11\"],[184,1616,400,180,\"A11\"],[1023,1212,334,160,\"A14\"],[368,1616,334,160,\"A14\"],[532,1616,334,160,\"A14\"],[696,1616,334,160,\"A14\"],[860,1616,334,160,\"A14\"],[1024,1616,334,160,\"A14\"],[0,2020,334,160,\"A14\"],[164,2020,334,160,\"A14\"],[328,2020,334,160,\"A14\"],[492,2020,334,227,\"A12\"],[1148,0,334,50,\"A1\"],[1086,808,334,50,\"A1\"],[1140,808,334,50,\"A1\"],[368,1954,50,334,\"A1\"],[706,1954,50,334,\"A1\"],[723,2020,334,50,\"A1\"],[777,2020,334,50,\"A1\"],[831,2020,334,50,\"A1\"],[885,2020,334,50,\"A1\"],[939,2020,334,50,\"A1\"],[993,2020,334,50,\"A1\"],[1047,2020,334,50,\"A1\"],[1101,2020,334,50,\"A1\"]],\"remains\":[[0,2358,42,1200,0],[1155,2020,334,45,0],[1044,1954,62,156,0],[706,2008,8,334,0],[368,2008,8,334,0],[1188,1616,334,12,0],[1023,1550,62,177,0],[1187,1212,334,13,0],[1086,1146,62,114,0],[1194,808,334,6,0],[1176,404,400,24,0],[1148,338,62,52,0]],\"id\":\"panel_8_2\"},{\"width\":2400,\"height\":1200,\"req\":0,\"rects\":[[0,0,334,50,\"A1\"],[54,0,334,50,\"A1\"],[108,0,334,50,\"A1\"],[162,0,334,50,\"A1\"],[216,0,334,50,\"A1\"],[270,0,334,50,\"A1\"],[324,0,334,50,\"A1\"],[378,0,334,50,\"A1\"],[432,0,334,50,\"A1\"],[486,0,334,50,\"A1\"],[540,0,334,50,\"A1\"],[594,0,334,50,\"A1\"],[648,0,334,50,\"A1\"],[702,0,334,50,\"A1\"],[756,0,334,50,\"A1\"],[810,0,334,50,\"A1\"],[864,0,334,50,\"A1\"],[918,0,334,50,\"A1\"],[972,0,334,50,\"A1\"],[1026,0,334,50,\"A1\"],[1080,0,334,50,\"A1\"],[0,338,334,207,\"A13\"],[211,338,334,207,\"A13\"],[422,338,334,227,\"A12\"],[653,338,334,207,\"A13\"],[864,338,334,207,\"A13\"],[0,676,334,207,\"A13\"],[211,676,334,207,\"A13\"],[422,676,334,227,\"A12\"],[653,676,334,227,\"A12\"],[884,676,334,227,\"A12\"],[0,1014,334,227,\"A12\"],[231,1014,334,227,\"A12\"],[462,1014,334,227,\"A12\"],[693,1014,334,227,\"A12\"],[924,1014,334,227,\"A12\"],[0,1352,334,227,\"A12\"],[231,1352,334,207,\"A13\"],[1134,0,334,50,\"A1\"],[1075,338,334,50,\"A1\"],[1129,338,334,50,\"A1\"],[1115,676,334,50,\"A1\"],[442,1352,334,50,\"A1\"],[496,1352,334,50,\"A1\"],[550,1352,334,50,\"A1\"],[604,1352,334,50,\"A1\"],[658,1352,334,50,\"A1\"],[712,1352,334,50,\"A1\"],[766,1352,334,50,\"A1\"],[820,1352,334,50,\"A1\"],[874,1352,334,50,\"A1\"],[928,1352,334,50,\"A1\"],[982,1352,334,50,\"A1\"],[1036,1352,334,50,\"A1\"],[0,1690,334,227,\"A12\"],[1090,1352,264,60,\"A6\"],[231,1690,264,60,\"A6\"],[295,1690,264,60,\"A6\"],[359,1690,264,60,\"A6\"],[423,1690,264,60,\"A6\"],[487,1690,264,60,\"A6\"],[551,1690,264,60,\"A6\"],[615,1690,264,60,\"A6\"],[679,1690,264,60,\"A6\"],[743,1690,264,60,\"A6\"],[807,1690,264,60,\"A6\"],[871,1690,264,60,\"A6\"],[935,1690,264,60,\"A6\"],[999,1690,264,60,\"A6\"],[1063,1690,264,60,\"A6\"],[1127,1690,264,60,\"A6\"],[0,2028,254,78,\"A5\"],[82,2028,254,78,\"A5\"],[164,2028,254,78,\"A5\"],[246,2028,254,78,\"A5\"],[328,2028,254,78,\"A5\"],[410,2028,254,78,\"A5\"],[492,2028,254,78,\"A5\"],[574,2028,254,78,\"A5\"],[656,2028,254,78,\"A5\"],[738,2028,254,78,\"A5\"],[820,2028,254,78,\"A5\"],[902,2028,254,78,\"A5\"],[984,2028,254,78,\"A5\"],[1066,2028,254,78,\"A5\"]],\"remains\":[[0,2286,114,1200,0],[1148,2028,254,52,0],[231,1958,66,969,0],[1191,1690,264,9,0],[1090,1620,66,110,0],[1154,1352,264,46,0],[1155,1014,334,45,0],[1169,676,334,31,0],[1183,338,334,17,0],[1188,0,334,12,0]],\"id\":\"panel_8_3\"},{\"width\":2400,\"height\":1200,\"req\":0,\"rects\":[[0,0,254,78,\"A5\"],[82,0,254,78,\"A5\"],[164,0,254,78,\"A5\"]],\"remains\":[[0,258,2142,1200,0],[246,0,254,954,0]],\"id\":\"panel_8_4\"}],\"remain\":[[784,2355,44,416,0],[704,2375,24,76,0],[624,2375,24,76,0],[544,2375,24,76,0],[384,2002,11,816,0],[1185,1556,38,15,0],[1105,1576,18,76,0],[1025,1576,18,76,0],[945,1576,18,76,0],[865,1576,18,76,0],[785,1576,18,76,0],[705,1576,18,76,0],[625,1576,18,76,0],[545,1576,18,76,0],[1192,1218,334,8,0],[1185,799,415,15,0],[1199,0,795,1,0],[0,2358,42,1200,0],[1155,2020,334,45,0],[1044,1954,62,156,0],[706,2008,8,334,0],[368,2008,8,334,0],[1188,1616,334,12,0],[1023,1550,62,177,0],[1187,1212,334,13,0],[1086,1146,62,114,0],[1194,808,334,6,0],[1176,404,400,24,0],[1148,338,62,52,0],[0,2286,114,1200,0],[1148,2028,254,52,0],[231,1958,66,969,0],[1191,1690,264,9,0],[1090,1620,66,110,0],[1154,1352,264,46,0],[1155,1014,334,45,0],[1169,676,334,31,0],[1183,338,334,17,0],[1188,0,334,12,0],[0,258,2142,1200,0],[246,0,254,954,0]]}','2016-07-19 09:08:01','2016-07-19 09:08:04'),(2,6,'admin',2,'{\"panels\":[{\"width\":2142,\"height\":1200,\"req\":0,\"rects\":[[0,0,795,105,\"A10\"],[109,0,795,105,\"A10\"],[218,0,795,105,\"A10\"],[327,0,795,105,\"A10\"],[436,0,795,105,\"A10\"],[545,0,795,105,\"A10\"],[654,0,795,105,\"A10\"],[763,0,795,105,\"A10\"],[872,0,795,105,\"A10\"],[981,0,795,105,\"A10\"],[1090,0,795,105,\"A10\"],[0,799,795,105,\"A10\"],[109,799,795,105,\"A10\"],[218,799,795,105,\"A10\"],[327,799,795,105,\"A10\"],[436,799,795,105,\"A10\"],[545,799,795,105,\"A10\"],[654,799,795,105,\"A10\"],[763,799,795,105,\"A10\"],[872,799,795,105,\"A10\"],[981,799,795,105,\"A10\"],[1090,799,795,105,\"A10\"],[0,1598,415,60,\"A8\"],[64,1598,415,60,\"A8\"],[128,1598,415,60,\"A8\"],[192,1598,415,60,\"A8\"],[256,1598,415,60,\"A8\"],[320,1598,415,60,\"A8\"],[384,1598,415,60,\"A8\"],[448,1598,415,60,\"A8\"],[512,1598,415,60,\"A8\"],[576,1598,415,60,\"A8\"],[640,1598,415,60,\"A8\"],[704,1598,415,60,\"A8\"],[768,1598,415,60,\"A8\"],[832,1598,415,60,\"A8\"],[896,1598,415,60,\"A8\"],[960,1598,415,60,\"A8\"],[1024,1598,415,60,\"A8\"],[1088,1598,415,60,\"A8\"],[1152,1598,382,30,\"A9\"],[0,2017,16,76,\"A7\"],[0,2037,76,16,\"A7\"],[20,2037,76,16,\"A7\"],[40,2037,76,16,\"A7\"],[60,2037,76,16,\"A7\"],[80,2017,16,76,\"A7\"],[80,2037,76,16,\"A7\"],[100,2037,76,16,\"A7\"],[120,2037,76,16,\"A7\"],[140,2037,76,16,\"A7\"],[160,2017,16,76,\"A7\"],[160,2037,76,16,\"A7\"],[180,2037,76,16,\"A7\"],[200,2037,76,16,\"A7\"],[220,2037,76,16,\"A7\"],[240,2017,16,76,\"A7\"],[240,2037,76,16,\"A7\"],[260,2037,76,16,\"A7\"],[280,2037,76,16,\"A7\"],[300,2037,76,16,\"A7\"],[320,2017,16,76,\"A7\"],[320,2037,76,16,\"A7\"],[340,2037,76,16,\"A7\"],[360,2037,76,16,\"A7\"],[380,2037,76,16,\"A7\"],[400,2017,16,76,\"A7\"],[400,2037,76,16,\"A7\"],[420,2037,76,16,\"A7\"],[440,2037,76,16,\"A7\"],[460,2037,76,16,\"A7\"],[480,2017,16,76,\"A7\"],[480,2037,76,16,\"A7\"],[500,2037,76,16,\"A7\"],[520,2037,76,16,\"A7\"],[540,2037,76,16,\"A7\"],[560,2017,16,76,\"A7\"],[560,2037,76,16,\"A7\"],[580,2037,76,16,\"A7\"],[600,2037,76,16,\"A7\"],[620,2037,76,16,\"A7\"],[640,2017,16,76,\"A7\"],[640,2037,76,16,\"A7\"],[660,2037,76,16,\"A7\"],[680,2037,76,16,\"A7\"],[700,2037,76,16,\"A7\"],[720,2017,16,76,\"A7\"],[720,2037,76,16,\"A7\"],[740,2037,76,16,\"A7\"],[760,2037,76,16,\"A7\"],[780,2037,76,16,\"A7\"],[800,2017,16,76,\"A7\"],[800,2037,76,16,\"A7\"],[820,2037,76,16,\"A7\"],[840,2037,76,16,\"A7\"],[860,2037,76,16,\"A7\"],[880,2017,16,76,\"A7\"],[880,2037,76,16,\"A7\"],[900,2037,76,16,\"A7\"],[920,2037,76,16,\"A7\"],[940,2037,76,16,\"A7\"],[960,2017,16,76,\"A7\"],[960,2037,76,16,\"A7\"],[980,2037,76,16,\"A7\"],[1000,2037,76,16,\"A7\"],[1020,2037,76,16,\"A7\"],[1040,2017,16,76,\"A7\"],[1040,2037,76,16,\"A7\"],[1060,2037,76,16,\"A7\"],[1080,2037,76,16,\"A7\"],[1100,2037,76,16,\"A7\"],[1120,2017,16,76,\"A7\"],[1120,2037,76,16,\"A7\"],[1140,2037,76,16,\"A7\"],[1160,2037,76,16,\"A7\"],[1180,2037,76,16,\"A7\"]],\"remains\":[[1120,2117,25,76,0],[1040,2117,25,76,0],[960,2117,25,76,0],[880,2117,25,76,0],[800,2117,25,76,0],[720,2117,25,76,0],[640,2117,25,76,0],[560,2117,25,76,0],[480,2117,25,76,0],[400,2117,25,76,0],[320,2117,25,76,0],[240,2117,25,76,0],[160,2117,25,76,0],[80,2117,25,76,0],[0,2117,25,76,0],[1152,1984,29,48,0],[1186,1598,382,14,0],[1199,799,795,1,0],[1199,0,795,1,0]],\"id\":\"panel_6_1\"},{\"width\":114,\"height\":1200,\"req\":0,\"rects\":[[0,0,16,76,\"A7\"],[0,20,76,16,\"A7\"],[20,20,76,16,\"A7\"],[40,20,76,16,\"A7\"],[60,20,76,16,\"A7\"],[80,0,16,76,\"A7\"],[80,20,76,16,\"A7\"],[100,20,76,16,\"A7\"],[120,20,76,16,\"A7\"],[140,20,76,16,\"A7\"],[160,0,16,76,\"A7\"],[160,20,76,16,\"A7\"],[180,20,76,16,\"A7\"],[200,20,76,16,\"A7\"],[220,20,76,16,\"A7\"],[240,0,16,76,\"A7\"],[240,20,76,16,\"A7\"],[260,20,76,16,\"A7\"],[280,20,76,16,\"A7\"],[300,20,76,16,\"A7\"],[320,0,16,76,\"A7\"],[320,20,76,16,\"A7\"],[340,20,76,16,\"A7\"],[360,20,76,16,\"A7\"],[380,20,76,16,\"A7\"],[400,0,16,76,\"A7\"],[400,20,76,16,\"A7\"],[420,20,76,16,\"A7\"],[440,20,76,16,\"A7\"],[460,20,76,16,\"A7\"],[480,0,16,76,\"A7\"],[480,20,76,16,\"A7\"],[500,20,76,16,\"A7\"],[520,20,76,16,\"A7\"],[540,20,76,16,\"A7\"],[560,0,16,76,\"A7\"],[560,20,76,16,\"A7\"],[580,20,76,16,\"A7\"],[600,20,76,16,\"A7\"],[620,20,76,16,\"A7\"],[640,0,16,76,\"A7\"],[640,20,76,16,\"A7\"],[660,20,76,16,\"A7\"],[680,20,76,16,\"A7\"],[700,20,76,16,\"A7\"],[720,0,16,76,\"A7\"],[720,20,76,16,\"A7\"],[740,20,76,16,\"A7\"],[760,20,76,16,\"A7\"],[780,20,76,16,\"A7\"],[800,0,16,76,\"A7\"],[800,20,76,16,\"A7\"],[820,20,76,16,\"A7\"],[840,20,76,16,\"A7\"],[860,20,76,16,\"A7\"],[880,0,16,76,\"A7\"],[880,20,76,16,\"A7\"],[900,20,76,16,\"A7\"],[920,20,76,16,\"A7\"],[940,20,76,16,\"A7\"],[960,0,16,76,\"A7\"],[960,20,76,16,\"A7\"],[980,20,76,16,\"A7\"],[1000,20,76,16,\"A7\"],[1020,20,76,16,\"A7\"],[1040,0,16,76,\"A7\"],[1040,20,76,16,\"A7\"],[1060,20,76,16,\"A7\"],[1080,20,76,16,\"A7\"],[1100,20,76,16,\"A7\"],[1120,0,16,76,\"A7\"],[1120,20,76,16,\"A7\"],[1140,20,76,16,\"A7\"],[1160,20,76,16,\"A7\"],[1180,20,76,16,\"A7\"]],\"remains\":[[1120,100,14,76,0],[1040,100,14,76,0],[960,100,14,76,0],[880,100,14,76,0],[800,100,14,76,0],[720,100,14,76,0],[640,100,14,76,0],[560,100,14,76,0],[480,100,14,76,0],[400,100,14,76,0],[320,100,14,76,0],[240,100,14,76,0],[160,100,14,76,0],[80,100,14,76,0],[0,100,14,76,0]],\"id\":\"panel_6_2\"},{\"width\":66,\"height\":969,\"req\":0,\"rects\":[[0,0,60,415,\"A8\"],[419,0,60,415,\"A8\"],[838,0,16,76,\"A7\"]],\"remains\":[[918,0,66,51,0],[838,20,46,76,0],[419,64,2,415,0],[0,64,2,415,0]],\"id\":\"panel_6_3\"},{\"width\":254,\"height\":954,\"req\":0,\"rects\":[[0,0,254,78,\"A5\"],[82,0,254,78,\"A5\"],[164,0,254,78,\"A5\"],[246,0,254,78,\"A5\"],[328,0,254,78,\"A5\"],[410,0,254,78,\"A5\"],[492,0,254,78,\"A5\"],[574,0,254,78,\"A5\"],[656,0,254,78,\"A5\"],[738,0,254,78,\"A5\"],[820,0,254,78,\"A5\"],[902,0,76,16,\"A7\"],[922,0,76,16,\"A7\"],[902,80,76,16,\"A7\"],[922,80,76,16,\"A7\"],[902,160,76,16,\"A7\"],[922,160,76,16,\"A7\"]],\"remains\":[[902,240,14,52,0],[942,160,76,12,0],[942,80,76,12,0],[942,0,76,12,0]],\"id\":\"panel_6_4\"},{\"width\":254,\"height\":52,\"req\":0,\"rects\":[[0,0,76,16,\"A7\"],[20,0,76,16,\"A7\"],[0,80,76,16,\"A7\"],[20,80,76,16,\"A7\"],[0,160,76,16,\"A7\"],[20,160,76,16,\"A7\"]],\"remains\":[[0,240,14,52,0],[40,160,76,12,0],[40,80,76,12,0],[40,0,76,12,0]],\"id\":\"panel_6_5\"},{\"width\":62,\"height\":177,\"req\":0,\"rects\":[[0,0,16,76,\"A7\"],[80,0,16,76,\"A7\"]],\"remains\":[[160,0,62,17,0],[80,20,42,76,0],[0,20,42,76,0]],\"id\":\"panel_6_6\"},{\"width\":62,\"height\":156,\"req\":0,\"rects\":[[0,0,16,76,\"A7\"]],\"remains\":[[80,0,62,76,0],[0,20,42,76,0]],\"id\":\"panel_6_7\"},{\"width\":62,\"height\":114,\"req\":0,\"rects\":[[0,0,16,76,\"A7\"]],\"remains\":[[80,0,62,34,0],[0,20,42,76,0]],\"id\":\"panel_6_8\"},{\"width\":66,\"height\":110,\"req\":0,\"rects\":[[0,0,16,76,\"A7\"]],\"remains\":[[80,0,66,30,0],[0,20,46,76,0]],\"id\":\"panel_6_9\"},{\"width\":62,\"height\":52,\"req\":0,\"rects\":[],\"remains\":[[0,0,62,52,0]],\"id\":\"panel_6_10\"},{\"width\":2400,\"height\":1200,\"req\":0,\"rects\":[[0,0,795,105,\"A10\"],[109,0,795,105,\"A10\"],[218,0,795,105,\"A10\"],[327,0,795,105,\"A10\"],[436,0,795,105,\"A10\"],[545,0,795,105,\"A10\"],[654,0,795,105,\"A10\"],[763,0,795,105,\"A10\"],[872,0,795,105,\"A10\"],[981,0,795,105,\"A10\"],[1090,0,795,105,\"A10\"],[0,799,795,105,\"A10\"],[109,799,795,105,\"A10\"],[218,799,795,105,\"A10\"],[327,799,795,105,\"A10\"],[436,799,795,105,\"A10\"],[545,799,795,105,\"A10\"],[654,799,795,105,\"A10\"],[763,799,795,105,\"A10\"],[872,799,795,105,\"A10\"],[981,799,795,105,\"A10\"],[1090,799,795,105,\"A10\"],[0,1598,795,105,\"A10\"],[109,1598,795,105,\"A10\"],[218,1598,795,105,\"A10\"],[327,1598,795,105,\"A10\"],[436,1598,795,105,\"A10\"],[545,1598,795,105,\"A10\"],[654,1598,795,105,\"A10\"],[763,1598,795,105,\"A10\"],[872,1598,795,105,\"A10\"],[981,1598,795,105,\"A10\"],[1090,1598,795,105,\"A10\"]],\"remains\":[[0,2397,3,1200,0],[1199,1598,795,1,0],[1199,799,795,1,0],[1199,0,795,1,0]],\"id\":\"panel_6_11\"},{\"width\":2400,\"height\":1200,\"req\":0,\"rects\":[[0,0,795,105,\"A10\"],[109,0,795,105,\"A10\"],[218,0,795,105,\"A10\"],[327,0,795,105,\"A10\"],[436,0,795,105,\"A10\"],[545,0,795,105,\"A10\"],[654,0,795,105,\"A10\"],[763,0,795,105,\"A10\"],[872,0,795,105,\"A10\"],[981,0,795,105,\"A10\"],[1090,0,795,105,\"A10\"],[0,799,795,105,\"A10\"],[109,799,795,105,\"A10\"],[218,799,795,105,\"A10\"],[327,799,795,105,\"A10\"],[436,799,795,105,\"A10\"],[545,799,795,105,\"A10\"],[654,799,795,105,\"A10\"],[763,799,795,105,\"A10\"],[872,799,795,105,\"A10\"],[981,799,795,105,\"A10\"],[1090,799,795,105,\"A10\"],[0,1598,795,105,\"A10\"],[109,1598,795,105,\"A10\"],[218,1598,795,105,\"A10\"],[327,1598,795,105,\"A10\"],[436,1598,795,105,\"A10\"],[545,1598,795,105,\"A10\"],[654,1598,795,105,\"A10\"],[763,1598,795,105,\"A10\"],[872,1598,795,105,\"A10\"],[981,1598,795,105,\"A10\"],[1090,1598,795,105,\"A10\"]],\"remains\":[[0,2397,3,1200,0],[1199,1598,795,1,0],[1199,799,795,1,0],[1199,0,795,1,0]],\"id\":\"panel_6_12\"},{\"width\":2400,\"height\":1200,\"req\":0,\"rects\":[[0,0,795,105,\"A10\"],[109,0,795,105,\"A10\"],[218,0,795,105,\"A10\"],[327,0,795,105,\"A10\"],[436,0,795,105,\"A10\"],[545,0,795,105,\"A10\"],[654,0,795,105,\"A10\"],[763,0,795,105,\"A10\"],[872,0,795,105,\"A10\"],[981,0,795,105,\"A10\"],[1090,0,795,105,\"A10\"],[0,799,795,105,\"A10\"],[109,799,795,105,\"A10\"],[218,799,795,105,\"A10\"],[327,799,795,105,\"A10\"],[436,799,795,105,\"A10\"],[545,799,795,105,\"A10\"],[654,799,795,105,\"A10\"],[763,799,795,105,\"A10\"],[872,799,795,105,\"A10\"],[981,799,795,105,\"A10\"],[1090,799,795,105,\"A10\"],[0,1598,795,105,\"A10\"],[109,1598,795,105,\"A10\"],[218,1598,795,105,\"A10\"],[327,1598,795,105,\"A10\"],[436,1598,795,105,\"A10\"],[545,1598,795,105,\"A10\"],[654,1598,795,105,\"A10\"],[763,1598,795,105,\"A10\"],[872,1598,795,105,\"A10\"],[981,1598,795,105,\"A10\"],[1090,1598,795,105,\"A10\"]],\"remains\":[[0,2397,3,1200,0],[1199,1598,795,1,0],[1199,799,795,1,0],[1199,0,795,1,0]],\"id\":\"panel_6_13\"},{\"width\":2400,\"height\":1200,\"req\":0,\"rects\":[[0,0,795,105,\"A10\"],[109,0,795,105,\"A10\"],[218,0,795,105,\"A10\"],[327,0,795,105,\"A10\"],[436,0,795,105,\"A10\"],[545,0,795,105,\"A10\"],[654,0,795,105,\"A10\"],[763,0,795,105,\"A10\"],[872,0,795,105,\"A10\"],[981,0,795,105,\"A10\"],[1090,0,795,105,\"A10\"],[0,799,795,105,\"A10\"],[109,799,795,105,\"A10\"],[218,799,795,105,\"A10\"],[327,799,795,105,\"A10\"],[436,799,795,105,\"A10\"],[545,799,795,105,\"A10\"],[654,799,795,105,\"A10\"],[763,799,795,105,\"A10\"],[872,799,795,105,\"A10\"],[981,799,795,105,\"A10\"],[1090,799,795,105,\"A10\"],[0,1598,795,105,\"A10\"],[109,1598,795,105,\"A10\"],[218,1598,795,105,\"A10\"],[327,1598,795,105,\"A10\"],[436,1598,795,105,\"A10\"],[545,1598,795,105,\"A10\"],[654,1598,795,105,\"A10\"],[763,1598,795,105,\"A10\"],[872,1598,795,105,\"A10\"],[981,1598,795,105,\"A10\"],[1090,1598,795,105,\"A10\"]],\"remains\":[[0,2397,3,1200,0],[1199,1598,795,1,0],[1199,799,795,1,0],[1199,0,795,1,0]],\"id\":\"panel_6_14\"},{\"width\":2400,\"height\":1200,\"req\":0,\"rects\":[[0,0,795,105,\"A10\"],[109,0,795,105,\"A10\"],[218,0,795,105,\"A10\"],[327,0,795,105,\"A10\"],[436,0,795,105,\"A10\"],[545,0,795,105,\"A10\"],[654,0,795,105,\"A10\"],[763,0,795,105,\"A10\"],[872,0,795,105,\"A10\"],[981,0,795,105,\"A10\"],[1090,0,795,105,\"A10\"],[0,799,795,105,\"A10\"],[109,799,795,105,\"A10\"],[218,799,795,105,\"A10\"],[327,799,795,105,\"A10\"],[436,799,795,105,\"A10\"],[545,799,795,105,\"A10\"],[654,799,795,105,\"A10\"],[763,799,795,105,\"A10\"],[872,799,795,105,\"A10\"],[981,799,795,105,\"A10\"],[1090,799,795,105,\"A10\"],[0,1598,795,105,\"A10\"],[109,1598,795,105,\"A10\"],[218,1598,795,105,\"A10\"],[327,1598,795,105,\"A10\"],[436,1598,795,105,\"A10\"],[545,1598,795,105,\"A10\"],[654,1598,795,105,\"A10\"],[763,1598,795,105,\"A10\"],[872,1598,795,105,\"A10\"],[981,1598,795,105,\"A10\"],[1090,1598,795,105,\"A10\"]],\"remains\":[[0,2397,3,1200,0],[1199,1598,795,1,0],[1199,799,795,1,0],[1199,0,795,1,0]],\"id\":\"panel_6_15\"},{\"width\":2400,\"height\":1200,\"req\":0,\"rects\":[[0,0,795,105,\"A10\"],[109,0,795,105,\"A10\"],[218,0,795,105,\"A10\"],[327,0,795,105,\"A10\"],[436,0,795,105,\"A10\"],[545,0,795,105,\"A10\"],[654,0,795,105,\"A10\"],[763,0,795,105,\"A10\"],[872,0,795,105,\"A10\"],[981,0,795,105,\"A10\"],[1090,0,795,105,\"A10\"],[0,799,795,105,\"A10\"],[109,799,795,105,\"A10\"],[218,799,795,105,\"A10\"],[327,799,795,105,\"A10\"],[436,799,795,105,\"A10\"],[545,799,795,105,\"A10\"],[654,799,795,105,\"A10\"],[763,799,795,105,\"A10\"],[872,799,795,105,\"A10\"],[981,799,795,105,\"A10\"],[1090,799,795,105,\"A10\"],[0,1598,795,105,\"A10\"],[109,1598,795,105,\"A10\"],[218,1598,795,105,\"A10\"],[327,1598,795,105,\"A10\"],[436,1598,795,105,\"A10\"],[545,1598,795,105,\"A10\"],[654,1598,795,105,\"A10\"],[763,1598,415,60,\"A8\"],[827,1598,415,60,\"A8\"],[891,1598,415,60,\"A8\"],[955,1598,415,60,\"A8\"],[1019,1598,415,60,\"A8\"],[1083,1598,415,60,\"A8\"],[1147,1598,382,30,\"A9\"],[763,2017,334,207,\"A13\"],[974,2017,334,160,\"A14\"],[1138,2017,334,50,\"A1\"],[1181,1598,76,16,\"A7\"],[1181,1678,76,16,\"A7\"],[1181,1758,76,16,\"A7\"],[1181,1838,76,16,\"A7\"],[763,2355,16,76,\"A7\"],[843,2355,16,76,\"A7\"],[923,2355,16,76,\"A7\"],[1003,2355,16,76,\"A7\"],[1083,2355,16,76,\"A7\"]],\"remains\":[[0,2397,3,1200,0],[1163,2355,38,37,0],[1083,2375,18,76,0],[1003,2375,18,76,0],[923,2375,18,76,0],[843,2375,18,76,0],[763,2375,18,76,0],[1192,2017,334,8,0],[1147,1984,29,53,0],[1181,1918,62,19,0],[1199,799,795,1,0],[1199,0,795,1,0]],\"id\":\"panel_6_16\"},{\"width\":2400,\"height\":1200,\"req\":0,\"rects\":[[0,0,415,60,\"A8\"],[64,0,415,60,\"A8\"],[128,0,415,60,\"A8\"],[192,0,415,60,\"A8\"],[256,0,415,60,\"A8\"],[320,0,415,60,\"A8\"],[384,0,415,60,\"A8\"],[448,0,415,60,\"A8\"],[512,0,415,60,\"A8\"],[576,0,415,60,\"A8\"],[640,0,415,60,\"A8\"],[704,0,415,60,\"A8\"],[768,0,415,60,\"A8\"],[832,0,415,60,\"A8\"],[896,0,415,60,\"A8\"],[960,0,415,60,\"A8\"],[1024,0,415,60,\"A8\"],[1088,0,415,60,\"A8\"],[0,419,415,60,\"A8\"],[64,419,415,60,\"A8\"],[128,419,415,60,\"A8\"],[192,419,415,60,\"A8\"],[256,419,415,60,\"A8\"],[320,419,415,60,\"A8\"],[384,419,415,60,\"A8\"],[448,419,415,60,\"A8\"],[512,419,415,60,\"A8\"],[576,419,415,60,\"A8\"],[640,419,415,60,\"A8\"],[704,419,415,60,\"A8\"],[768,419,415,60,\"A8\"],[832,419,415,60,\"A8\"],[896,419,415,60,\"A8\"],[960,419,415,60,\"A8\"],[1024,419,415,60,\"A8\"],[1088,419,415,60,\"A8\"],[0,838,415,60,\"A8\"],[64,838,415,60,\"A8\"],[128,838,415,60,\"A8\"],[192,838,415,60,\"A8\"],[256,838,415,60,\"A8\"],[320,838,415,60,\"A8\"],[384,838,415,60,\"A8\"],[448,838,415,60,\"A8\"],[512,838,415,60,\"A8\"],[576,838,415,60,\"A8\"],[640,838,415,60,\"A8\"],[704,838,415,60,\"A8\"],[768,838,415,60,\"A8\"],[832,838,415,60,\"A8\"],[896,838,415,60,\"A8\"],[960,838,415,60,\"A8\"],[1024,838,415,60,\"A8\"],[1088,838,415,60,\"A8\"],[0,1257,415,60,\"A8\"],[64,1257,415,60,\"A8\"],[128,1257,415,60,\"A8\"],[192,1257,415,60,\"A8\"],[256,1257,415,60,\"A8\"],[320,1257,415,60,\"A8\"],[384,1257,415,60,\"A8\"],[448,1257,415,60,\"A8\"],[512,1257,415,60,\"A8\"],[576,1257,415,60,\"A8\"],[640,1257,415,60,\"A8\"],[704,1257,415,60,\"A8\"],[768,1257,415,60,\"A8\"],[832,1257,415,60,\"A8\"],[896,1257,415,60,\"A8\"],[960,1257,415,60,\"A8\"],[1024,1257,415,60,\"A8\"],[1088,1257,415,60,\"A8\"],[0,1676,415,60,\"A8\"],[64,1676,415,60,\"A8\"],[128,1676,415,60,\"A8\"],[192,1676,415,60,\"A8\"],[256,1676,415,60,\"A8\"],[320,1676,415,60,\"A8\"],[384,1676,415,60,\"A8\"],[448,1676,415,60,\"A8\"],[512,1676,415,60,\"A8\"],[576,1676,415,60,\"A8\"],[640,1676,415,60,\"A8\"],[704,1676,415,60,\"A8\"],[768,1676,415,60,\"A8\"],[832,1676,415,60,\"A8\"],[896,1676,415,60,\"A8\"],[960,1676,415,60,\"A8\"],[1024,1676,415,60,\"A8\"],[1088,1676,415,60,\"A8\"],[1152,0,382,30,\"A9\"],[1152,419,382,30,\"A9\"],[1152,838,382,30,\"A9\"],[1152,1257,382,30,\"A9\"],[1152,1676,382,30,\"A9\"],[0,2095,264,60,\"A6\"],[64,2095,264,60,\"A6\"],[128,2095,264,60,\"A6\"],[192,2095,264,60,\"A6\"],[256,2095,264,60,\"A6\"],[320,2095,264,60,\"A6\"],[384,2095,264,60,\"A6\"],[448,2095,264,60,\"A6\"],[512,2095,264,60,\"A6\"],[576,2095,264,60,\"A6\"],[640,2095,264,60,\"A6\"],[704,2095,264,60,\"A6\"],[768,2095,264,60,\"A6\"],[832,2095,264,60,\"A6\"],[896,2095,264,60,\"A6\"],[960,2095,264,60,\"A6\"],[1024,2095,264,60,\"A6\"],[1088,2095,264,60,\"A6\"],[1152,2095,76,16,\"A7\"],[1172,2095,76,16,\"A7\"],[1152,2175,76,16,\"A7\"],[1172,2175,76,16,\"A7\"],[1152,2255,76,16,\"A7\"],[1172,2255,76,16,\"A7\"],[0,2363,16,76,\"A7\"],[80,2363,16,76,\"A7\"],[160,2363,16,76,\"A7\"],[240,2363,16,76,\"A7\"],[320,2363,16,76,\"A7\"],[400,2363,16,76,\"A7\"],[480,2363,16,76,\"A7\"],[560,2363,16,76,\"A7\"],[640,2363,16,76,\"A7\"],[720,2363,16,76,\"A7\"],[800,2363,16,76,\"A7\"],[880,2363,16,76,\"A7\"],[960,2363,16,76,\"A7\"],[1040,2363,16,76,\"A7\"],[1120,2363,16,76,\"A7\"]],\"remains\":[[1120,2383,17,76,0],[1040,2383,17,76,0],[960,2383,17,76,0],[880,2383,17,76,0],[800,2383,17,76,0],[720,2383,17,76,0],[640,2383,17,76,0],[560,2383,17,76,0],[480,2383,17,76,0],[400,2383,17,76,0],[320,2383,17,76,0],[240,2383,17,76,0],[160,2383,17,76,0],[80,2383,17,76,0],[0,2383,17,76,0],[1152,2335,24,48,0],[1192,2255,76,8,0],[1192,2175,76,8,0],[1192,2095,76,8,0],[1152,2062,29,48,0],[1186,1676,382,14,0],[1152,1643,29,48,0],[1186,1257,382,14,0],[1152,1224,29,48,0],[1186,838,382,14,0],[1152,805,29,48,0],[1186,419,382,14,0],[1152,386,29,48,0],[1186,0,382,14,0]],\"id\":\"panel_6_17\"},{\"width\":2400,\"height\":1200,\"req\":0,\"rects\":[[0,0,415,60,\"A8\"],[64,0,415,60,\"A8\"],[128,0,415,60,\"A8\"],[192,0,415,60,\"A8\"],[256,0,415,60,\"A8\"],[320,0,415,60,\"A8\"],[384,0,415,60,\"A8\"],[448,0,415,60,\"A8\"],[512,0,415,60,\"A8\"],[576,0,415,60,\"A8\"],[640,0,415,60,\"A8\"],[704,0,415,60,\"A8\"],[768,0,415,60,\"A8\"],[832,0,415,60,\"A8\"],[896,0,415,60,\"A8\"],[960,0,415,60,\"A8\"],[1024,0,415,60,\"A8\"],[1088,0,415,60,\"A8\"],[0,419,415,60,\"A8\"],[64,419,415,60,\"A8\"],[128,419,415,60,\"A8\"],[192,419,415,60,\"A8\"],[256,419,415,60,\"A8\"],[320,419,415,60,\"A8\"],[384,419,415,60,\"A8\"],[448,419,415,60,\"A8\"],[512,419,415,60,\"A8\"],[576,419,415,60,\"A8\"],[640,419,415,60,\"A8\"],[704,419,415,60,\"A8\"],[768,419,415,60,\"A8\"],[832,419,415,60,\"A8\"],[896,419,415,60,\"A8\"],[960,419,415,60,\"A8\"],[1024,419,415,60,\"A8\"],[1088,419,415,60,\"A8\"],[0,838,415,60,\"A8\"],[64,838,415,60,\"A8\"],[128,838,415,60,\"A8\"],[192,838,415,60,\"A8\"],[256,838,415,60,\"A8\"],[320,838,415,60,\"A8\"],[384,838,415,60,\"A8\"],[448,838,415,60,\"A8\"],[512,838,415,60,\"A8\"],[576,838,415,60,\"A8\"],[640,838,415,60,\"A8\"],[704,838,415,60,\"A8\"],[768,838,415,60,\"A8\"],[832,838,415,60,\"A8\"],[896,838,415,60,\"A8\"],[960,838,415,60,\"A8\"],[1024,838,415,60,\"A8\"],[1088,838,415,60,\"A8\"],[0,1257,415,60,\"A8\"],[64,1257,415,60,\"A8\"],[128,1257,415,60,\"A8\"],[192,1257,415,60,\"A8\"],[256,1257,415,60,\"A8\"],[320,1257,415,60,\"A8\"],[384,1257,415,60,\"A8\"],[448,1257,415,60,\"A8\"],[512,1257,415,60,\"A8\"],[576,1257,415,60,\"A8\"],[640,1257,415,60,\"A8\"],[704,1257,415,60,\"A8\"],[768,1257,415,60,\"A8\"],[832,1257,415,60,\"A8\"],[896,1257,415,60,\"A8\"],[960,1257,415,60,\"A8\"],[1024,1257,415,60,\"A8\"],[1088,1257,415,60,\"A8\"],[0,1676,415,60,\"A8\"],[64,1676,415,60,\"A8\"],[128,1676,415,60,\"A8\"],[192,1676,415,60,\"A8\"],[256,1676,415,60,\"A8\"],[320,1676,415,60,\"A8\"],[384,1676,415,60,\"A8\"],[448,1676,415,60,\"A8\"],[512,1676,415,60,\"A8\"],[576,1676,415,60,\"A8\"],[640,1676,415,60,\"A8\"],[704,1676,415,60,\"A8\"],[768,1676,415,60,\"A8\"],[832,1676,415,60,\"A8\"],[896,1676,415,60,\"A8\"],[960,1676,415,60,\"A8\"],[1024,1676,415,60,\"A8\"],[1088,1676,415,60,\"A8\"],[1152,0,382,30,\"A9\"],[1152,419,382,30,\"A9\"],[1152,838,382,30,\"A9\"],[1152,1257,382,30,\"A9\"],[1152,1676,382,30,\"A9\"],[0,2095,264,60,\"A6\"],[64,2095,264,60,\"A6\"],[128,2095,264,60,\"A6\"],[192,2095,264,60,\"A6\"],[256,2095,264,60,\"A6\"],[320,2095,264,60,\"A6\"],[384,2095,264,60,\"A6\"],[448,2095,264,60,\"A6\"],[512,2095,264,60,\"A6\"],[576,2095,264,60,\"A6\"],[640,2095,264,60,\"A6\"],[704,2095,264,60,\"A6\"],[768,2095,264,60,\"A6\"],[832,2095,264,60,\"A6\"],[896,2095,264,60,\"A6\"],[960,2095,264,60,\"A6\"],[1024,2095,264,60,\"A6\"],[1088,2095,264,60,\"A6\"],[1152,2095,76,16,\"A7\"],[1172,2095,76,16,\"A7\"],[1152,2175,76,16,\"A7\"],[1172,2175,76,16,\"A7\"],[1152,2255,76,16,\"A7\"],[1172,2255,76,16,\"A7\"],[0,2363,16,76,\"A7\"],[80,2363,16,76,\"A7\"],[160,2363,16,76,\"A7\"],[240,2363,16,76,\"A7\"],[320,2363,16,76,\"A7\"],[400,2363,16,76,\"A7\"],[480,2363,16,76,\"A7\"],[560,2363,16,76,\"A7\"],[640,2363,16,76,\"A7\"],[720,2363,16,76,\"A7\"],[800,2363,16,76,\"A7\"],[880,2363,16,76,\"A7\"]],\"remains\":[[960,2363,37,240,0],[880,2383,17,76,0],[800,2383,17,76,0],[720,2383,17,76,0],[640,2383,17,76,0],[560,2383,17,76,0],[480,2383,17,76,0],[400,2383,17,76,0],[320,2383,17,76,0],[240,2383,17,76,0],[160,2383,17,76,0],[80,2383,17,76,0],[0,2383,17,76,0],[1152,2335,24,48,0],[1192,2255,76,8,0],[1192,2175,76,8,0],[1192,2095,76,8,0],[1152,2062,29,48,0],[1186,1676,382,14,0],[1152,1643,29,48,0],[1186,1257,382,14,0],[1152,1224,29,48,0],[1186,838,382,14,0],[1152,805,29,48,0],[1186,419,382,14,0],[1152,386,29,48,0],[1186,0,382,14,0]],\"id\":\"panel_6_18\"},{\"width\":2400,\"height\":1200,\"req\":0,\"rects\":[[0,0,415,60,\"A8\"],[64,0,415,60,\"A8\"],[128,0,415,60,\"A8\"],[192,0,415,60,\"A8\"],[256,0,415,60,\"A8\"],[320,0,415,60,\"A8\"],[384,0,415,60,\"A8\"],[448,0,415,60,\"A8\"],[512,0,415,60,\"A8\"],[576,0,415,60,\"A8\"],[640,0,400,283,\"A2\"],[0,419,400,283,\"A2\"],[287,419,400,283,\"A2\"],[574,419,400,283,\"A2\"],[861,419,400,283,\"A2\"],[0,823,400,283,\"A2\"],[287,823,400,283,\"A2\"],[574,823,400,283,\"A2\"],[861,823,400,283,\"A2\"],[0,1227,400,283,\"A2\"],[287,1227,400,283,\"A2\"],[574,1227,400,283,\"A2\"],[861,1227,400,283,\"A2\"],[0,1631,400,283,\"A2\"],[287,1631,400,283,\"A2\"],[574,1631,400,283,\"A2\"],[861,1631,400,283,\"A2\"],[927,0,400,124,\"A3\"],[1055,0,400,124,\"A3\"],[1148,419,382,30,\"A9\"],[1148,823,382,30,\"A9\"],[1148,1227,382,30,\"A9\"],[1148,1631,382,30,\"A9\"],[0,2035,334,160,\"A14\"],[164,2035,334,160,\"A14\"],[328,2035,334,160,\"A14\"],[492,2035,334,160,\"A14\"],[656,2035,334,160,\"A14\"],[820,2035,334,160,\"A14\"],[984,2035,334,160,\"A14\"],[1148,2035,334,50,\"A1\"]],\"remains\":[[0,2373,27,1200,0],[1148,2017,14,52,0],[1182,1631,382,18,0],[1148,1613,14,52,0],[1182,1227,382,18,0],[1148,1209,14,52,0],[1182,823,382,18,0],[1148,805,14,52,0],[1182,419,382,18,0],[640,404,11,560,0],[1183,0,400,17,0]],\"id\":\"panel_6_19\"},{\"width\":2400,\"height\":1200,\"req\":0,\"rects\":[[0,0,400,283,\"A2\"],[287,0,400,283,\"A2\"],[574,0,400,283,\"A2\"],[861,0,400,283,\"A2\"],[0,404,400,283,\"A2\"],[287,404,400,283,\"A2\"],[574,404,400,283,\"A2\"],[861,404,400,283,\"A2\"],[0,808,400,283,\"A2\"],[287,808,400,283,\"A2\"],[574,808,400,283,\"A2\"],[861,808,400,283,\"A2\"],[0,1212,400,283,\"A2\"],[287,1212,400,283,\"A2\"],[574,1212,400,124,\"A3\"],[702,1212,400,124,\"A3\"],[830,1212,400,283,\"A2\"],[0,1616,400,124,\"A3\"],[128,1616,400,124,\"A3\"],[256,1616,400,124,\"A3\"],[384,1616,400,124,\"A3\"],[512,1616,400,124,\"A3\"],[640,1616,400,124,\"A3\"],[768,1616,400,124,\"A3\"],[896,1616,400,124,\"A3\"],[1024,1616,400,124,\"A3\"],[1148,0,382,30,\"A9\"],[1148,404,382,30,\"A9\"],[1148,808,382,30,\"A9\"],[1117,1212,382,30,\"A9\"],[1151,1212,382,30,\"A9\"],[1152,1616,382,30,\"A9\"],[0,2020,334,160,\"A14\"],[164,2020,334,160,\"A14\"],[328,2020,334,160,\"A14\"],[492,2020,334,160,\"A14\"],[656,2020,334,160,\"A14\"],[820,2020,334,160,\"A14\"],[984,2020,334,160,\"A14\"],[1148,2020,334,50,\"A1\"]],\"remains\":[[0,2358,42,1200,0],[1152,2002,14,48,0],[1186,1616,382,14,0],[1117,1598,14,83,0],[1185,1212,382,15,0],[1148,1194,14,52,0],[1182,808,382,18,0],[1148,790,14,52,0],[1182,404,382,18,0],[1148,386,14,52,0],[1182,0,382,18,0]],\"id\":\"panel_6_20\"},{\"width\":2400,\"height\":1200,\"req\":0,\"rects\":[[0,0,400,124,\"A3\"],[128,0,400,124,\"A3\"],[256,0,400,124,\"A3\"],[384,0,400,124,\"A3\"],[512,0,400,124,\"A3\"],[640,0,400,124,\"A3\"],[768,0,400,124,\"A3\"],[896,0,400,283,\"A2\"],[0,404,400,283,\"A2\"],[287,404,400,124,\"A3\"],[415,404,400,124,\"A3\"],[543,404,400,124,\"A3\"],[671,404,400,124,\"A3\"],[799,404,400,124,\"A3\"],[927,404,400,124,\"A3\"],[1055,404,400,124,\"A3\"],[0,808,400,124,\"A3\"],[128,808,400,283,\"A2\"],[415,808,400,283,\"A2\"],[702,808,400,283,\"A2\"],[0,1212,400,283,\"A2\"],[287,1212,400,283,\"A2\"],[574,1212,400,283,\"A2\"],[861,1212,400,283,\"A2\"],[0,1616,400,283,\"A2\"],[287,1616,400,283,\"A2\"],[574,1616,400,283,\"A2\"],[861,1616,400,283,\"A2\"],[989,808,400,124,\"A3\"],[1117,808,382,30,\"A9\"],[1151,808,382,30,\"A9\"],[1148,1212,382,30,\"A9\"],[1148,1616,382,30,\"A9\"],[0,2020,334,160,\"A14\"],[164,2020,334,160,\"A14\"],[328,2020,334,160,\"A14\"],[492,2020,334,160,\"A14\"],[656,2020,334,160,\"A14\"],[820,2020,334,160,\"A14\"],[984,2020,334,160,\"A14\"],[1148,2020,334,50,\"A1\"]],\"remains\":[[0,2358,42,1200,0],[1148,2002,14,52,0],[1182,1616,382,18,0],[1148,1598,14,52,0],[1182,1212,382,18,0],[1117,1194,14,83,0],[1185,808,382,15,0],[1183,404,400,17,0],[1183,0,400,17,0]],\"id\":\"panel_6_21\"},{\"width\":2400,\"height\":1200,\"req\":0,\"rects\":[[0,0,400,283,\"A2\"],[287,0,400,283,\"A2\"],[574,0,400,283,\"A2\"],[861,0,400,283,\"A2\"],[0,404,400,283,\"A2\"],[287,404,400,283,\"A2\"],[574,404,400,283,\"A2\"],[861,404,400,283,\"A2\"],[0,808,400,283,\"A2\"],[287,808,400,283,\"A2\"],[574,808,400,283,\"A2\"],[861,808,400,283,\"A2\"],[0,1212,400,283,\"A2\"],[287,1212,400,283,\"A2\"],[574,1212,400,283,\"A2\"],[861,1212,400,283,\"A2\"],[0,1616,400,283,\"A2\"],[287,1616,400,283,\"A2\"],[574,1616,400,283,\"A2\"],[861,1616,400,283,\"A2\"],[1148,0,382,30,\"A9\"],[1148,404,382,30,\"A9\"],[1148,808,382,30,\"A9\"],[1148,1212,382,30,\"A9\"],[1148,1616,382,30,\"A9\"],[0,2020,334,160,\"A14\"],[164,2020,334,160,\"A14\"],[328,2020,334,160,\"A14\"],[492,2020,334,160,\"A14\"],[656,2020,334,160,\"A14\"],[820,2020,334,160,\"A14\"],[984,2020,334,160,\"A14\"],[1148,2020,334,50,\"A1\"]],\"remains\":[[0,2358,42,1200,0],[1148,2002,14,52,0],[1182,1616,382,18,0],[1148,1598,14,52,0],[1182,1212,382,18,0],[1148,1194,14,52,0],[1182,808,382,18,0],[1148,790,14,52,0],[1182,404,382,18,0],[1148,386,14,52,0],[1182,0,382,18,0]],\"id\":\"panel_6_22\"},{\"width\":2400,\"height\":1200,\"req\":0,\"rects\":[[0,0,400,283,\"A2\"],[287,0,400,283,\"A2\"],[574,0,400,283,\"A2\"],[861,0,400,283,\"A2\"],[0,404,400,283,\"A2\"],[287,404,400,283,\"A2\"],[574,404,400,283,\"A2\"],[861,404,400,283,\"A2\"],[0,808,400,283,\"A2\"],[287,808,400,283,\"A2\"],[574,808,400,283,\"A2\"],[861,808,400,283,\"A2\"],[0,1212,400,283,\"A2\"],[287,1212,400,283,\"A2\"],[574,1212,400,283,\"A2\"],[861,1212,400,283,\"A2\"],[0,1616,400,283,\"A2\"],[287,1616,400,283,\"A2\"],[574,1616,400,283,\"A2\"],[861,1616,400,283,\"A2\"],[1148,0,382,30,\"A9\"],[1148,404,382,30,\"A9\"],[1148,808,382,30,\"A9\"],[1148,1212,382,30,\"A9\"],[1148,1616,382,30,\"A9\"],[0,2020,334,160,\"A14\"],[164,2020,334,160,\"A14\"],[328,2020,334,160,\"A14\"],[492,2020,334,160,\"A14\"],[656,2020,334,160,\"A14\"],[820,2020,334,160,\"A14\"],[984,2020,334,160,\"A14\"],[1148,2020,334,50,\"A1\"]],\"remains\":[[0,2358,42,1200,0],[1148,2002,14,52,0],[1182,1616,382,18,0],[1148,1598,14,52,0],[1182,1212,382,18,0],[1148,1194,14,52,0],[1182,808,382,18,0],[1148,790,14,52,0],[1182,404,382,18,0],[1148,386,14,52,0],[1182,0,382,18,0]],\"id\":\"panel_6_23\"},{\"width\":2400,\"height\":1200,\"req\":0,\"rects\":[[0,0,400,283,\"A2\"],[287,0,400,283,\"A2\"],[574,0,400,283,\"A2\"],[861,0,400,283,\"A2\"],[0,404,400,283,\"A2\"],[287,404,400,283,\"A2\"],[574,404,400,283,\"A2\"],[861,404,400,283,\"A2\"],[0,808,400,283,\"A2\"],[287,808,400,283,\"A2\"],[574,808,400,283,\"A2\"],[861,808,400,283,\"A2\"],[0,1212,400,283,\"A2\"],[287,1212,400,124,\"A3\"],[415,1212,400,124,\"A3\"],[543,1212,400,124,\"A3\"],[671,1212,400,124,\"A3\"],[799,1212,400,124,\"A3\"],[927,1212,400,124,\"A3\"],[1055,1212,400,124,\"A3\"],[0,1616,400,124,\"A3\"],[128,1616,400,124,\"A3\"],[256,1616,400,124,\"A3\"],[384,1616,400,124,\"A3\"],[512,1616,400,180,\"A11\"],[696,1616,400,124,\"A3\"],[824,1616,400,124,\"A3\"],[952,1616,400,124,\"A3\"],[1148,0,382,30,\"A9\"],[1148,404,382,30,\"A9\"],[1148,808,382,30,\"A9\"],[1080,1616,382,30,\"A9\"],[1114,1616,382,30,\"A9\"],[1148,1616,382,30,\"A9\"],[0,2020,334,160,\"A14\"],[164,2020,334,160,\"A14\"],[328,2020,334,160,\"A14\"],[492,2020,334,160,\"A14\"],[656,2020,334,160,\"A14\"],[820,2020,334,160,\"A14\"],[984,2020,334,160,\"A14\"],[1148,2020,334,50,\"A1\"]],\"remains\":[[0,2358,42,1200,0],[1080,2002,14,120,0],[1182,1616,382,18,0],[1183,1212,400,17,0],[1148,1194,14,52,0],[1182,808,382,18,0],[1148,790,14,52,0],[1182,404,382,18,0],[1148,386,14,52,0],[1182,0,382,18,0]],\"id\":\"panel_6_24\"},{\"width\":2400,\"height\":1200,\"req\":0,\"rects\":[[0,0,400,124,\"A3\"],[128,0,400,124,\"A3\"],[256,0,400,124,\"A3\"],[384,0,400,124,\"A3\"],[512,0,400,124,\"A3\"],[640,0,400,124,\"A3\"],[768,0,400,124,\"A3\"],[896,0,400,124,\"A3\"],[1024,0,400,124,\"A3\"],[0,404,400,124,\"A3\"],[128,404,400,124,\"A3\"],[256,404,400,124,\"A3\"],[384,404,400,124,\"A3\"],[512,404,400,124,\"A3\"],[640,404,400,124,\"A3\"],[768,404,400,124,\"A3\"],[896,404,400,124,\"A3\"],[0,808,400,180,\"A11\"],[184,808,400,180,\"A11\"],[368,808,400,180,\"A11\"],[552,808,400,180,\"A11\"],[736,808,400,180,\"A11\"],[920,808,400,180,\"A11\"],[0,1212,400,180,\"A11\"],[184,1212,400,180,\"A11\"],[368,1212,400,180,\"A11\"],[552,1212,400,180,\"A11\"],[736,1212,400,180,\"A11\"],[920,1212,400,180,\"A11\"],[0,1616,400,180,\"A11\"],[184,1616,400,180,\"A11\"],[368,1616,400,180,\"A11\"],[552,1616,400,180,\"A11\"],[736,1616,400,180,\"A11\"],[920,1616,400,180,\"A11\"],[1024,404,400,124,\"A3\"],[1152,0,382,30,\"A9\"],[1152,404,382,30,\"A9\"],[1104,808,382,30,\"A9\"],[1138,808,382,30,\"A9\"],[1104,1212,382,30,\"A9\"],[1138,1212,382,30,\"A9\"],[1104,1616,382,30,\"A9\"],[1138,1616,382,30,\"A9\"],[0,2020,334,160,\"A14\"],[164,2020,334,160,\"A14\"],[328,2020,334,160,\"A14\"],[492,2020,334,160,\"A14\"],[656,2020,334,160,\"A14\"],[820,2020,334,160,\"A14\"],[984,2020,334,160,\"A14\"],[1148,2020,334,50,\"A1\"]],\"remains\":[[0,2358,42,1200,0],[1104,2002,14,96,0],[1172,1616,382,28,0],[1104,1598,14,96,0],[1172,1212,382,28,0],[1104,1194,14,96,0],[1172,808,382,28,0],[1152,790,14,48,0],[1186,404,382,14,0],[1152,386,14,48,0],[1186,0,382,14,0]],\"id\":\"panel_6_25\"},{\"width\":2400,\"height\":1200,\"req\":0,\"rects\":[[0,0,400,180,\"A11\"],[184,0,400,180,\"A11\"],[368,0,400,180,\"A11\"],[552,0,400,180,\"A11\"],[736,0,400,180,\"A11\"],[920,0,400,180,\"A11\"],[0,404,400,180,\"A11\"],[184,404,400,180,\"A11\"],[368,404,400,180,\"A11\"],[552,404,400,180,\"A11\"],[736,404,400,180,\"A11\"],[920,404,400,180,\"A11\"],[0,808,400,180,\"A11\"],[184,808,400,180,\"A11\"],[368,808,400,124,\"A3\"],[496,808,400,124,\"A3\"],[624,808,400,124,\"A3\"],[752,808,400,124,\"A3\"],[880,808,400,283,\"A2\"],[0,1212,400,124,\"A3\"],[128,1212,400,124,\"A3\"],[256,1212,400,124,\"A3\"],[384,1212,400,124,\"A3\"],[512,1212,400,124,\"A3\"],[640,1212,400,124,\"A3\"],[768,1212,400,124,\"A3\"],[896,1212,400,124,\"A3\"],[1024,1212,400,124,\"A3\"],[0,1616,400,124,\"A3\"],[128,1616,400,124,\"A3\"],[256,1616,400,124,\"A3\"],[384,1616,400,124,\"A3\"],[512,1616,400,124,\"A3\"],[640,1616,400,124,\"A3\"],[768,1616,400,124,\"A3\"],[896,1616,400,124,\"A3\"],[1024,1616,400,124,\"A3\"],[1104,0,382,30,\"A9\"],[1138,0,382,30,\"A9\"],[1104,404,382,30,\"A9\"],[1138,404,382,30,\"A9\"],[1167,808,382,30,\"A9\"],[1152,1212,382,30,\"A9\"],[1152,1616,382,30,\"A9\"],[0,2020,334,160,\"A14\"],[164,2020,334,160,\"A14\"],[328,2020,334,160,\"A14\"],[492,2020,334,160,\"A14\"],[656,2020,334,160,\"A14\"],[820,2020,334,207,\"A13\"],[1031,2020,334,160,\"A14\"]],\"remains\":[[0,2358,42,1200,0],[1195,2020,334,5,0],[1152,2002,14,48,0],[1186,1616,382,14,0],[1152,1598,14,48,0],[1186,1212,382,14,0],[1167,1194,14,33,0],[1104,790,14,96,0],[1172,404,382,28,0],[1104,386,14,96,0],[1172,0,382,28,0]],\"id\":\"panel_6_26\"},{\"width\":2400,\"height\":1200,\"req\":0,\"rects\":[[0,0,400,124,\"A3\"],[128,0,400,124,\"A3\"],[256,0,400,124,\"A3\"],[384,0,400,124,\"A3\"],[512,0,400,124,\"A3\"],[640,0,400,124,\"A3\"],[768,0,400,124,\"A3\"],[896,0,400,124,\"A3\"],[1024,0,400,124,\"A3\"],[0,404,400,124,\"A3\"],[128,404,400,124,\"A3\"],[256,404,400,124,\"A3\"],[384,404,400,124,\"A3\"],[512,404,400,124,\"A3\"],[640,404,400,124,\"A3\"],[768,404,400,124,\"A3\"],[896,404,400,124,\"A3\"],[1024,404,400,124,\"A3\"],[0,808,400,124,\"A3\"],[128,808,400,124,\"A3\"],[256,808,400,124,\"A3\"],[384,808,400,124,\"A3\"],[512,808,400,124,\"A3\"],[640,808,400,124,\"A3\"],[768,808,400,124,\"A3\"],[896,808,400,124,\"A3\"],[1024,808,400,124,\"A3\"],[0,1212,400,124,\"A3\"],[128,1212,400,124,\"A3\"],[256,1212,400,124,\"A3\"],[384,1212,400,124,\"A3\"],[512,1212,400,124,\"A3\"],[640,1212,400,124,\"A3\"],[768,1212,400,124,\"A3\"],[896,1212,400,124,\"A3\"],[1024,1212,400,124,\"A3\"],[0,1616,400,124,\"A3\"],[128,1616,400,124,\"A3\"],[256,1616,400,124,\"A3\"],[384,1616,400,124,\"A3\"],[512,1616,400,124,\"A3\"],[640,1616,400,283,\"A2\"],[927,1616,400,180,\"A11\"],[1152,0,382,30,\"A9\"],[1152,404,382,30,\"A9\"],[1152,808,382,30,\"A9\"],[1152,1212,382,30,\"A9\"],[1111,1616,382,30,\"A9\"],[1145,1616,382,30,\"A9\"],[0,2020,334,207,\"A13\"],[211,2020,334,207,\"A13\"],[422,2020,334,207,\"A13\"],[633,2020,334,207,\"A13\"],[844,2020,334,207,\"A13\"],[1055,2020,334,50,\"A1\"],[1109,2020,334,50,\"A1\"]],\"remains\":[[0,2358,42,1200,0],[1163,2020,334,37,0],[1111,2002,14,89,0],[1179,1616,382,21,0],[1152,1598,14,48,0],[1186,1212,382,14,0],[1152,1194,14,48,0],[1186,808,382,14,0],[1152,790,14,48,0],[1186,404,382,14,0],[1152,386,14,48,0],[1186,0,382,14,0]],\"id\":\"panel_6_27\"},{\"width\":2400,\"height\":1200,\"req\":0,\"rects\":[[0,0,400,180,\"A11\"],[184,0,400,180,\"A11\"],[368,0,400,180,\"A11\"],[552,0,400,180,\"A11\"],[736,0,400,180,\"A11\"],[920,0,400,180,\"A11\"],[0,404,400,180,\"A11\"],[184,404,400,180,\"A11\"],[368,404,400,180,\"A11\"],[552,404,400,180,\"A11\"],[736,404,400,180,\"A11\"],[920,404,400,180,\"A11\"],[0,808,400,180,\"A11\"],[184,808,400,180,\"A11\"],[368,808,400,180,\"A11\"],[552,808,400,180,\"A11\"],[736,808,400,180,\"A11\"],[920,808,400,180,\"A11\"],[0,1212,400,180,\"A11\"],[184,1212,400,180,\"A11\"],[368,1212,400,180,\"A11\"],[552,1212,400,180,\"A11\"],[736,1212,400,180,\"A11\"],[920,1212,400,180,\"A11\"],[0,1616,400,180,\"A11\"],[184,1616,400,180,\"A11\"],[368,1616,400,180,\"A11\"],[552,1616,400,180,\"A11\"],[736,1616,400,180,\"A11\"],[920,1616,400,180,\"A11\"],[1104,0,382,30,\"A9\"],[1138,0,382,30,\"A9\"],[1104,404,382,30,\"A9\"],[1138,404,382,30,\"A9\"],[1104,808,382,30,\"A9\"],[1138,808,382,30,\"A9\"],[1104,1212,382,30,\"A9\"],[1138,1212,382,30,\"A9\"],[1104,1616,382,30,\"A9\"],[1138,1616,382,30,\"A9\"],[0,2020,334,207,\"A13\"],[211,2020,334,207,\"A13\"],[422,2020,334,207,\"A13\"],[633,2020,334,207,\"A13\"],[844,2020,334,207,\"A13\"],[1055,2020,334,50,\"A1\"],[1109,2020,334,50,\"A1\"]],\"remains\":[[0,2358,42,1200,0],[1163,2020,334,37,0],[1104,2002,14,96,0],[1172,1616,382,28,0],[1104,1598,14,96,0],[1172,1212,382,28,0],[1104,1194,14,96,0],[1172,808,382,28,0],[1104,790,14,96,0],[1172,404,382,28,0],[1104,386,14,96,0],[1172,0,382,28,0]],\"id\":\"panel_6_28\"},{\"width\":2400,\"height\":1200,\"req\":0,\"rects\":[[0,0,400,180,\"A11\"],[184,0,400,180,\"A11\"],[368,0,400,180,\"A11\"],[552,0,400,180,\"A11\"],[736,0,400,180,\"A11\"],[920,0,400,180,\"A11\"],[0,404,400,180,\"A11\"],[184,404,400,180,\"A11\"],[368,404,400,283,\"A2\"],[655,404,400,180,\"A11\"],[839,404,400,180,\"A11\"],[0,808,400,180,\"A11\"],[184,808,400,180,\"A11\"],[368,808,400,180,\"A11\"],[552,808,400,180,\"A11\"],[736,808,400,180,\"A11\"],[920,808,400,180,\"A11\"],[0,1212,400,180,\"A11\"],[184,1212,400,180,\"A11\"],[368,1212,400,180,\"A11\"],[552,1212,400,180,\"A11\"],[736,1212,400,180,\"A11\"],[920,1212,400,180,\"A11\"],[0,1616,400,180,\"A11\"],[184,1616,400,180,\"A11\"],[368,1616,400,180,\"A11\"],[552,1616,400,180,\"A11\"],[736,1616,400,180,\"A11\"],[920,1616,400,180,\"A11\"],[1104,0,382,30,\"A9\"],[1138,0,382,30,\"A9\"],[1023,404,382,30,\"A9\"],[1057,404,382,30,\"A9\"],[1091,404,382,30,\"A9\"],[1125,404,382,30,\"A9\"],[1159,404,382,30,\"A9\"],[1104,808,382,30,\"A9\"],[1138,808,382,30,\"A9\"],[1104,1212,382,30,\"A9\"],[1138,1212,382,30,\"A9\"],[1104,1616,382,30,\"A9\"],[1138,1616,382,30,\"A9\"],[0,2020,334,207,\"A13\"],[211,2020,334,207,\"A13\"],[422,2020,334,207,\"A13\"],[633,2020,334,207,\"A13\"],[844,2020,334,207,\"A13\"],[1055,2020,334,50,\"A1\"],[1109,2020,334,50,\"A1\"]],\"remains\":[[0,2358,42,1200,0],[1163,2020,334,37,0],[1104,2002,14,96,0],[1172,1616,382,28,0],[1104,1598,14,96,0],[1172,1212,382,28,0],[1104,1194,14,96,0],[1172,808,382,28,0],[1023,790,14,177,0],[1193,404,382,7,0],[1104,386,14,96,0],[1172,0,382,28,0]],\"id\":\"panel_6_29\"},{\"width\":2400,\"height\":1200,\"req\":0,\"rects\":[[0,0,400,180,\"A11\"],[184,0,400,180,\"A11\"],[368,0,400,180,\"A11\"],[552,0,400,180,\"A11\"],[736,0,400,180,\"A11\"],[920,0,400,180,\"A11\"],[0,404,400,180,\"A11\"],[184,404,400,180,\"A11\"],[368,404,400,180,\"A11\"],[552,404,400,180,\"A11\"],[736,404,400,180,\"A11\"],[920,404,400,180,\"A11\"],[0,808,400,180,\"A11\"],[184,808,400,180,\"A11\"],[368,808,400,180,\"A11\"],[552,808,400,283,\"A2\"],[839,808,400,283,\"A2\"],[0,1212,400,283,\"A2\"],[287,1212,400,283,\"A2\"],[574,1212,400,283,\"A2\"],[861,1212,400,180,\"A11\"],[0,1616,400,283,\"A2\"],[287,1616,400,180,\"A11\"],[471,1616,400,180,\"A11\"],[655,1616,400,180,\"A11\"],[839,1616,400,180,\"A11\"],[1104,0,382,30,\"A9\"],[1138,0,382,30,\"A9\"],[1104,404,382,30,\"A9\"],[1138,404,382,30,\"A9\"],[1126,808,382,30,\"A9\"],[1160,808,382,30,\"A9\"],[1045,1212,382,30,\"A9\"],[1079,1212,382,30,\"A9\"],[1113,1212,382,30,\"A9\"],[1147,1212,382,30,\"A9\"],[1023,1616,382,30,\"A9\"],[1057,1616,382,30,\"A9\"],[1091,1616,382,30,\"A9\"],[1125,1616,382,30,\"A9\"],[1159,1616,382,30,\"A9\"],[0,2020,334,207,\"A13\"],[211,2020,334,207,\"A13\"],[422,2020,334,207,\"A13\"],[633,2020,334,207,\"A13\"],[844,2020,334,207,\"A13\"],[1055,2020,334,50,\"A1\"],[1109,2020,334,50,\"A1\"]],\"remains\":[[0,2358,42,1200,0],[1163,2020,334,37,0],[1023,2002,14,177,0],[1193,1616,382,7,0],[1045,1598,14,155,0],[1181,1212,382,19,0],[1126,1194,14,74,0],[1194,808,382,6,0],[1104,790,14,96,0],[1172,404,382,28,0],[1104,386,14,96,0],[1172,0,382,28,0]],\"id\":\"panel_6_30\"},{\"width\":2400,\"height\":1200,\"req\":0,\"rects\":[[0,0,400,180,\"A11\"],[184,0,400,180,\"A11\"],[368,0,400,180,\"A11\"],[552,0,400,283,\"A2\"],[839,0,400,180,\"A11\"],[0,404,400,180,\"A11\"],[184,404,400,180,\"A11\"],[368,404,400,180,\"A11\"],[552,404,400,180,\"A11\"],[736,404,400,180,\"A11\"],[920,404,400,180,\"A11\"],[0,808,400,180,\"A11\"],[184,808,400,180,\"A11\"],[368,808,400,180,\"A11\"],[552,808,400,180,\"A11\"],[736,808,400,180,\"A11\"],[920,808,400,180,\"A11\"],[0,1212,400,180,\"A11\"],[184,1212,400,180,\"A11\"],[368,1212,400,180,\"A11\"],[552,1212,400,180,\"A11\"],[736,1212,400,180,\"A11\"],[920,1212,400,180,\"A11\"],[0,1616,400,180,\"A11\"],[184,1616,400,180,\"A11\"],[368,1616,400,180,\"A11\"],[552,1616,400,180,\"A11\"],[736,1616,400,180,\"A11\"],[920,1616,400,180,\"A11\"],[1023,0,382,30,\"A9\"],[1057,0,382,30,\"A9\"],[1091,0,382,30,\"A9\"],[1125,0,382,30,\"A9\"],[1159,0,382,30,\"A9\"],[1104,404,382,30,\"A9\"],[1138,404,382,30,\"A9\"],[1104,808,382,30,\"A9\"],[1138,808,382,30,\"A9\"],[1104,1212,382,30,\"A9\"],[1138,1212,382,30,\"A9\"],[1104,1616,382,30,\"A9\"],[1138,1616,382,30,\"A9\"],[0,2020,334,207,\"A13\"],[211,2020,334,207,\"A13\"],[422,2020,334,207,\"A13\"],[633,2020,334,207,\"A13\"],[844,2020,334,207,\"A13\"],[1055,2020,334,50,\"A1\"],[1109,2020,334,50,\"A1\"]],\"remains\":[[0,2358,42,1200,0],[1163,2020,334,37,0],[1104,2002,14,96,0],[1172,1616,382,28,0],[1104,1598,14,96,0],[1172,1212,382,28,0],[1104,1194,14,96,0],[1172,808,382,28,0],[1104,790,14,96,0],[1172,404,382,28,0],[1023,386,14,177,0],[1193,0,382,7,0]],\"id\":\"panel_6_31\"},{\"width\":2400,\"height\":1200,\"req\":0,\"rects\":[[0,0,400,180,\"A11\"],[184,0,400,180,\"A11\"],[368,0,400,180,\"A11\"],[552,0,400,180,\"A11\"],[736,0,382,30,\"A9\"],[770,0,382,30,\"A9\"],[804,0,382,30,\"A9\"],[838,0,382,30,\"A9\"],[872,0,382,30,\"A9\"],[906,0,382,30,\"A9\"],[940,0,382,30,\"A9\"],[974,0,382,30,\"A9\"],[1008,0,382,30,\"A9\"],[1042,0,382,30,\"A9\"],[1076,0,382,30,\"A9\"],[1110,0,382,30,\"A9\"],[1144,0,382,30,\"A9\"],[0,404,382,30,\"A9\"],[34,404,382,30,\"A9\"],[68,404,382,30,\"A9\"],[102,404,382,30,\"A9\"],[136,404,382,30,\"A9\"],[170,404,382,30,\"A9\"],[204,404,382,30,\"A9\"],[238,404,382,30,\"A9\"],[272,404,382,30,\"A9\"],[306,404,382,30,\"A9\"],[340,404,382,30,\"A9\"],[374,404,382,30,\"A9\"],[408,404,382,30,\"A9\"],[442,404,382,30,\"A9\"],[476,404,382,30,\"A9\"],[510,404,382,30,\"A9\"],[544,404,382,30,\"A9\"],[578,404,382,30,\"A9\"],[612,404,382,30,\"A9\"],[646,404,382,30,\"A9\"],[680,404,382,30,\"A9\"],[714,404,382,30,\"A9\"],[748,404,382,30,\"A9\"],[782,404,382,30,\"A9\"],[816,404,382,30,\"A9\"],[850,404,382,30,\"A9\"],[884,404,382,30,\"A9\"],[918,404,382,30,\"A9\"],[952,404,382,30,\"A9\"],[986,404,382,30,\"A9\"],[1020,404,382,30,\"A9\"],[1054,404,382,30,\"A9\"],[1088,404,382,30,\"A9\"],[1122,404,382,30,\"A9\"],[1156,404,382,30,\"A9\"],[0,790,382,30,\"A9\"],[34,790,382,30,\"A9\"],[68,790,382,30,\"A9\"],[102,790,382,30,\"A9\"],[136,790,382,30,\"A9\"],[170,790,382,30,\"A9\"],[204,790,382,30,\"A9\"],[238,790,382,30,\"A9\"],[272,790,382,30,\"A9\"],[306,790,382,30,\"A9\"],[340,790,382,30,\"A9\"],[374,790,382,30,\"A9\"],[408,790,382,30,\"A9\"],[442,790,382,30,\"A9\"],[476,790,382,30,\"A9\"],[510,790,382,30,\"A9\"],[544,790,382,30,\"A9\"],[578,790,382,30,\"A9\"],[612,790,382,30,\"A9\"],[646,790,382,30,\"A9\"],[680,790,382,30,\"A9\"],[714,790,382,30,\"A9\"],[748,790,382,30,\"A9\"],[782,790,382,30,\"A9\"],[816,790,382,30,\"A9\"],[850,790,382,30,\"A9\"],[884,790,382,30,\"A9\"],[918,790,382,30,\"A9\"],[952,790,382,30,\"A9\"],[986,790,382,30,\"A9\"],[1020,790,382,30,\"A9\"],[1054,790,382,30,\"A9\"],[1088,790,382,30,\"A9\"],[1122,790,382,30,\"A9\"],[1156,790,382,30,\"A9\"],[0,1176,382,30,\"A9\"],[34,1176,382,30,\"A9\"],[68,1176,382,30,\"A9\"],[102,1176,382,30,\"A9\"],[136,1176,382,30,\"A9\"],[170,1176,382,30,\"A9\"],[204,1176,382,30,\"A9\"],[238,1176,382,30,\"A9\"],[272,1176,382,30,\"A9\"],[306,1176,382,30,\"A9\"],[340,1176,382,30,\"A9\"],[374,1176,382,30,\"A9\"],[408,1176,382,30,\"A9\"],[442,1176,382,30,\"A9\"],[476,1176,382,30,\"A9\"],[510,1176,382,30,\"A9\"],[544,1176,382,30,\"A9\"],[578,1176,382,30,\"A9\"],[612,1176,382,30,\"A9\"],[646,1176,334,207,\"A13\"],[857,1176,334,160,\"A14\"],[1021,1176,334,160,\"A14\"],[0,1562,334,160,\"A14\"],[164,1562,334,160,\"A14\"],[328,1562,334,160,\"A14\"],[492,1562,334,160,\"A14\"],[656,1562,334,160,\"A14\"],[820,1562,334,160,\"A14\"],[984,1562,334,160,\"A14\"],[0,1900,334,160,\"A14\"],[164,1900,334,160,\"A14\"],[328,1900,334,160,\"A14\"],[492,1900,334,160,\"A14\"],[656,1900,334,160,\"A14\"],[820,1900,334,160,\"A14\"],[984,1900,334,160,\"A14\"],[1148,1562,334,50,\"A1\"],[1148,1900,334,50,\"A1\"]],\"remains\":[[0,2238,162,1200,0],[646,1514,44,554,0],[1185,1176,334,15,0],[1190,790,382,10,0],[1190,404,382,10,0],[736,386,14,464,0],[1178,0,382,22,0]],\"id\":\"panel_6_32\"},{\"width\":2400,\"height\":1200,\"req\":0,\"rects\":[[0,0,334,160,\"A14\"],[164,0,334,160,\"A14\"],[328,0,334,160,\"A14\"],[492,0,334,160,\"A14\"],[656,0,334,160,\"A14\"],[820,0,334,160,\"A14\"],[984,0,334,160,\"A14\"],[0,338,334,160,\"A14\"],[164,338,334,160,\"A14\"],[328,338,334,160,\"A14\"],[492,338,334,160,\"A14\"],[656,338,334,160,\"A14\"],[820,338,334,160,\"A14\"],[984,338,334,160,\"A14\"],[0,676,334,160,\"A14\"],[164,676,334,160,\"A14\"],[328,676,334,160,\"A14\"],[492,676,334,160,\"A14\"],[656,676,334,160,\"A14\"],[820,676,334,160,\"A14\"],[984,676,334,160,\"A14\"],[0,1014,334,160,\"A14\"],[164,1014,334,160,\"A14\"],[328,1014,334,160,\"A14\"],[492,1014,334,160,\"A14\"],[656,1014,334,160,\"A14\"],[820,1014,334,160,\"A14\"],[984,1014,334,160,\"A14\"],[0,1352,334,160,\"A14\"],[164,1352,334,160,\"A14\"],[328,1352,334,160,\"A14\"],[492,1352,334,160,\"A14\"],[656,1352,334,160,\"A14\"],[820,1352,334,160,\"A14\"],[984,1352,334,160,\"A14\"],[0,1690,334,160,\"A14\"],[164,1690,334,160,\"A14\"],[328,1690,334,160,\"A14\"],[492,1690,334,160,\"A14\"],[656,1690,334,160,\"A14\"],[820,1690,334,160,\"A14\"],[984,1690,334,160,\"A14\"],[0,2028,334,160,\"A14\"],[164,2028,334,160,\"A14\"],[328,2028,334,160,\"A14\"],[492,2028,334,160,\"A14\"],[656,2028,334,160,\"A14\"],[820,2028,334,160,\"A14\"],[984,2028,334,160,\"A14\"],[1148,0,334,50,\"A1\"],[1148,338,334,50,\"A1\"],[1148,676,334,50,\"A1\"],[1148,1014,334,50,\"A1\"],[1148,1352,334,50,\"A1\"],[1148,1690,334,50,\"A1\"],[1148,2028,334,50,\"A1\"]],\"remains\":[[0,2366,34,1200,0]],\"id\":\"panel_6_33\"},{\"width\":2400,\"height\":1200,\"req\":0,\"rects\":[[0,0,334,160,\"A14\"],[164,0,334,160,\"A14\"],[328,0,334,160,\"A14\"],[492,0,334,160,\"A14\"],[656,0,334,160,\"A14\"],[820,0,334,160,\"A14\"],[984,0,334,160,\"A14\"],[0,338,334,160,\"A14\"],[164,338,334,160,\"A14\"],[328,338,334,160,\"A14\"],[492,338,334,160,\"A14\"],[656,338,334,160,\"A14\"],[820,338,334,160,\"A14\"],[984,338,334,160,\"A14\"],[0,676,334,160,\"A14\"],[164,676,334,160,\"A14\"],[328,676,334,160,\"A14\"],[492,676,334,160,\"A14\"],[656,676,334,160,\"A14\"],[820,676,334,160,\"A14\"],[984,676,334,160,\"A14\"],[0,1014,334,160,\"A14\"],[164,1014,334,160,\"A14\"],[328,1014,334,160,\"A14\"],[492,1014,334,160,\"A14\"],[656,1014,334,160,\"A14\"],[820,1014,334,160,\"A14\"],[984,1014,334,160,\"A14\"],[0,1352,334,160,\"A14\"],[164,1352,334,160,\"A14\"],[328,1352,334,160,\"A14\"],[492,1352,334,160,\"A14\"],[656,1352,334,160,\"A14\"],[820,1352,334,160,\"A14\"],[984,1352,334,160,\"A14\"],[0,1690,334,160,\"A14\"],[164,1690,334,160,\"A14\"],[328,1690,334,160,\"A14\"],[492,1690,334,160,\"A14\"],[656,1690,334,160,\"A14\"],[820,1690,334,160,\"A14\"],[984,1690,334,160,\"A14\"],[0,2028,334,160,\"A14\"],[164,2028,334,160,\"A14\"],[328,2028,334,160,\"A14\"],[492,2028,334,160,\"A14\"],[656,2028,334,160,\"A14\"],[820,2028,334,160,\"A14\"],[984,2028,334,160,\"A14\"],[1148,0,334,50,\"A1\"],[1148,338,334,50,\"A1\"],[1148,676,334,50,\"A1\"],[1148,1014,334,50,\"A1\"],[1148,1352,334,50,\"A1\"],[1148,1690,334,50,\"A1\"],[1148,2028,334,50,\"A1\"]],\"remains\":[[0,2366,34,1200,0]],\"id\":\"panel_6_34\"},{\"width\":2400,\"height\":1200,\"req\":0,\"rects\":[[0,0,334,160,\"A14\"],[164,0,334,160,\"A14\"],[328,0,334,160,\"A14\"],[492,0,334,160,\"A14\"],[656,0,334,160,\"A14\"],[820,0,334,160,\"A14\"],[984,0,334,160,\"A14\"],[0,338,334,160,\"A14\"],[164,338,334,160,\"A14\"],[328,338,334,160,\"A14\"],[492,338,334,160,\"A14\"],[656,338,334,160,\"A14\"],[820,338,334,160,\"A14\"],[984,338,334,160,\"A14\"],[0,676,334,160,\"A14\"],[164,676,334,160,\"A14\"],[328,676,334,160,\"A14\"],[492,676,334,160,\"A14\"],[656,676,334,227,\"A12\"],[1148,0,334,50,\"A1\"],[1148,338,334,50,\"A1\"],[887,676,334,50,\"A1\"],[941,676,334,50,\"A1\"],[995,676,334,50,\"A1\"],[1049,676,334,50,\"A1\"],[1103,676,334,50,\"A1\"],[0,1014,334,50,\"A1\"],[54,1014,334,50,\"A1\"],[108,1014,334,50,\"A1\"],[162,1014,334,50,\"A1\"],[216,1014,334,50,\"A1\"],[270,1014,334,50,\"A1\"],[324,1014,334,50,\"A1\"],[378,1014,334,50,\"A1\"],[432,1014,334,50,\"A1\"],[486,1014,334,50,\"A1\"],[540,1014,334,50,\"A1\"],[594,1014,334,50,\"A1\"],[648,1014,334,50,\"A1\"],[702,1014,334,50,\"A1\"],[756,1014,334,50,\"A1\"],[810,1014,334,50,\"A1\"],[864,1014,334,50,\"A1\"],[918,1014,334,50,\"A1\"],[972,1014,334,50,\"A1\"],[1026,1014,334,50,\"A1\"],[1080,1014,334,50,\"A1\"],[1134,1014,334,50,\"A1\"],[0,1352,334,50,\"A1\"],[54,1352,334,50,\"A1\"],[108,1352,334,50,\"A1\"],[162,1352,334,50,\"A1\"],[216,1352,334,50,\"A1\"],[270,1352,334,50,\"A1\"],[324,1352,334,50,\"A1\"],[378,1352,334,50,\"A1\"],[432,1352,334,50,\"A1\"],[486,1352,334,50,\"A1\"],[540,1352,334,50,\"A1\"],[594,1352,334,50,\"A1\"],[648,1352,334,50,\"A1\"],[702,1352,334,50,\"A1\"],[756,1352,334,50,\"A1\"],[810,1352,334,50,\"A1\"],[864,1352,334,50,\"A1\"],[918,1352,334,50,\"A1\"],[972,1352,334,50,\"A1\"],[1026,1352,334,50,\"A1\"],[1080,1352,334,50,\"A1\"],[1134,1352,334,50,\"A1\"],[0,1690,334,50,\"A1\"],[54,1690,334,50,\"A1\"],[108,1690,334,50,\"A1\"],[162,1690,334,50,\"A1\"],[216,1690,334,50,\"A1\"],[270,1690,334,50,\"A1\"],[324,1690,334,50,\"A1\"],[378,1690,334,50,\"A1\"],[432,1690,334,50,\"A1\"],[486,1690,334,50,\"A1\"],[540,1690,334,50,\"A1\"],[594,1690,334,50,\"A1\"],[648,1690,334,50,\"A1\"],[702,1690,334,50,\"A1\"],[756,1690,334,50,\"A1\"],[810,1690,334,50,\"A1\"],[864,1690,334,50,\"A1\"],[918,1690,334,50,\"A1\"],[972,1690,334,50,\"A1\"],[1026,1690,334,50,\"A1\"],[1080,1690,334,50,\"A1\"],[1134,1690,334,50,\"A1\"],[0,2028,334,50,\"A1\"],[54,2028,334,50,\"A1\"],[108,2028,334,50,\"A1\"],[162,2028,334,50,\"A1\"],[216,2028,334,50,\"A1\"],[270,2028,334,50,\"A1\"],[324,2028,334,50,\"A1\"],[378,2028,334,50,\"A1\"],[432,2028,334,50,\"A1\"],[486,2028,334,50,\"A1\"],[540,2028,334,50,\"A1\"],[594,2028,334,50,\"A1\"],[648,2028,334,50,\"A1\"],[702,2028,334,50,\"A1\"],[756,2028,334,50,\"A1\"],[810,2028,334,50,\"A1\"],[864,2028,334,50,\"A1\"],[918,2028,334,50,\"A1\"],[972,2028,334,50,\"A1\"],[1026,2028,334,50,\"A1\"],[1080,2028,334,50,\"A1\"],[1134,2028,334,50,\"A1\"]],\"remains\":[[0,2366,34,1200,0],[1188,2028,334,12,0],[1188,1690,334,12,0],[1188,1352,334,12,0],[1188,1014,334,12,0],[1157,676,334,43,0]],\"id\":\"panel_6_35\"},{\"width\":2400,\"height\":1200,\"req\":0,\"rects\":[[0,0,334,50,\"A1\"],[54,0,334,50,\"A1\"],[108,0,334,50,\"A1\"],[162,0,334,50,\"A1\"],[216,0,334,50,\"A1\"],[270,0,334,50,\"A1\"],[324,0,334,50,\"A1\"],[378,0,334,50,\"A1\"],[432,0,334,50,\"A1\"],[486,0,334,50,\"A1\"],[540,0,334,50,\"A1\"],[594,0,334,50,\"A1\"],[648,0,334,50,\"A1\"],[702,0,334,50,\"A1\"],[756,0,334,50,\"A1\"],[810,0,334,50,\"A1\"],[864,0,334,50,\"A1\"],[918,0,334,50,\"A1\"],[972,0,334,50,\"A1\"],[1026,0,334,50,\"A1\"],[1080,0,334,50,\"A1\"],[1134,0,334,50,\"A1\"],[0,338,334,50,\"A1\"],[54,338,334,50,\"A1\"],[108,338,334,50,\"A1\"],[162,338,334,50,\"A1\"],[216,338,334,50,\"A1\"],[270,338,334,50,\"A1\"],[324,338,334,50,\"A1\"],[378,338,334,50,\"A1\"],[432,338,334,50,\"A1\"],[486,338,334,50,\"A1\"],[540,338,334,50,\"A1\"],[594,338,334,50,\"A1\"],[648,338,334,50,\"A1\"],[702,338,334,50,\"A1\"],[756,338,334,50,\"A1\"],[810,338,334,50,\"A1\"],[864,338,334,50,\"A1\"],[918,338,334,50,\"A1\"],[972,338,334,50,\"A1\"],[1026,338,334,50,\"A1\"],[1080,338,334,50,\"A1\"],[1134,338,334,50,\"A1\"],[0,676,334,50,\"A1\"],[54,676,334,50,\"A1\"],[108,676,334,50,\"A1\"],[162,676,334,50,\"A1\"],[216,676,334,50,\"A1\"],[270,676,334,50,\"A1\"],[324,676,334,50,\"A1\"],[378,676,334,50,\"A1\"],[432,676,334,50,\"A1\"],[486,676,334,50,\"A1\"],[540,676,334,50,\"A1\"],[594,676,334,50,\"A1\"],[648,676,334,50,\"A1\"],[702,676,334,50,\"A1\"],[756,676,334,50,\"A1\"],[810,676,334,50,\"A1\"],[864,676,334,50,\"A1\"],[918,676,334,50,\"A1\"],[972,676,334,50,\"A1\"],[1026,676,334,50,\"A1\"],[1080,676,334,50,\"A1\"],[1134,676,334,50,\"A1\"],[0,1014,334,50,\"A1\"],[54,1014,334,50,\"A1\"],[108,1014,334,50,\"A1\"],[162,1014,334,50,\"A1\"],[216,1014,334,50,\"A1\"],[270,1014,334,50,\"A1\"],[324,1014,334,50,\"A1\"],[378,1014,334,50,\"A1\"],[432,1014,334,50,\"A1\"],[486,1014,334,50,\"A1\"],[540,1014,334,50,\"A1\"],[594,1014,334,50,\"A1\"],[648,1014,334,50,\"A1\"],[702,1014,334,50,\"A1\"],[756,1014,334,50,\"A1\"],[810,1014,334,50,\"A1\"],[864,1014,334,50,\"A1\"],[918,1014,334,50,\"A1\"],[972,1014,334,50,\"A1\"],[1026,1014,334,50,\"A1\"],[1080,1014,334,50,\"A1\"],[1134,1014,334,50,\"A1\"],[0,1352,334,50,\"A1\"],[54,1352,334,50,\"A1\"],[108,1352,334,50,\"A1\"],[162,1352,334,50,\"A1\"],[216,1352,334,50,\"A1\"],[270,1352,334,50,\"A1\"],[324,1352,334,50,\"A1\"],[378,1352,334,50,\"A1\"],[432,1352,334,50,\"A1\"],[486,1352,334,50,\"A1\"],[540,1352,334,50,\"A1\"],[594,1352,334,50,\"A1\"],[648,1352,334,50,\"A1\"],[702,1352,334,50,\"A1\"],[756,1352,334,50,\"A1\"],[810,1352,334,50,\"A1\"],[864,1352,334,50,\"A1\"],[918,1352,334,50,\"A1\"],[972,1352,334,50,\"A1\"],[1026,1352,334,50,\"A1\"],[1080,1352,334,50,\"A1\"],[1134,1352,334,50,\"A1\"],[0,1690,334,50,\"A1\"],[54,1690,334,50,\"A1\"],[108,1690,334,50,\"A1\"],[162,1690,334,50,\"A1\"],[216,1690,334,50,\"A1\"],[270,1690,334,50,\"A1\"],[324,1690,334,50,\"A1\"],[378,1690,334,50,\"A1\"],[432,1690,334,50,\"A1\"],[486,1690,334,50,\"A1\"],[540,1690,334,50,\"A1\"],[594,1690,334,50,\"A1\"],[648,1690,334,50,\"A1\"],[702,1690,334,50,\"A1\"],[756,1690,334,50,\"A1\"],[810,1690,334,50,\"A1\"],[864,1690,334,50,\"A1\"],[918,1690,334,50,\"A1\"],[972,1690,334,50,\"A1\"],[1026,1690,334,50,\"A1\"],[1080,1690,334,50,\"A1\"],[1134,1690,334,50,\"A1\"],[0,2028,334,50,\"A1\"],[54,2028,334,50,\"A1\"],[108,2028,334,50,\"A1\"],[162,2028,334,50,\"A1\"],[216,2028,334,50,\"A1\"],[270,2028,334,50,\"A1\"],[324,2028,334,50,\"A1\"],[378,2028,334,50,\"A1\"],[432,2028,334,50,\"A1\"],[486,2028,334,50,\"A1\"],[540,2028,334,50,\"A1\"],[594,2028,334,50,\"A1\"],[648,2028,334,50,\"A1\"],[702,2028,334,50,\"A1\"],[756,2028,334,50,\"A1\"],[810,2028,334,50,\"A1\"],[864,2028,334,50,\"A1\"],[918,2028,334,50,\"A1\"],[972,2028,334,50,\"A1\"],[1026,2028,334,50,\"A1\"],[1080,2028,334,50,\"A1\"],[1134,2028,334,50,\"A1\"]],\"remains\":[[0,2366,34,1200,0],[1188,2028,334,12,0],[1188,1690,334,12,0],[1188,1352,334,12,0],[1188,1014,334,12,0],[1188,676,334,12,0],[1188,338,334,12,0],[1188,0,334,12,0]],\"id\":\"panel_6_36\"},{\"width\":2400,\"height\":1200,\"req\":0,\"rects\":[[0,0,334,50,\"A1\"],[54,0,334,50,\"A1\"],[108,0,334,50,\"A1\"],[162,0,334,50,\"A1\"],[216,0,334,50,\"A1\"],[270,0,334,50,\"A1\"],[324,0,334,50,\"A1\"],[378,0,334,50,\"A1\"],[432,0,334,50,\"A1\"],[486,0,334,50,\"A1\"],[540,0,334,50,\"A1\"],[594,0,334,50,\"A1\"],[648,0,334,50,\"A1\"],[702,0,334,50,\"A1\"],[756,0,334,50,\"A1\"],[810,0,334,50,\"A1\"],[864,0,334,50,\"A1\"],[918,0,334,50,\"A1\"],[972,0,334,50,\"A1\"],[1026,0,334,50,\"A1\"],[1080,0,334,50,\"A1\"],[1134,0,334,50,\"A1\"],[0,338,334,50,\"A1\"],[54,338,334,50,\"A1\"],[108,338,334,50,\"A1\"],[162,338,334,50,\"A1\"],[216,338,334,50,\"A1\"],[270,338,334,50,\"A1\"],[324,338,334,50,\"A1\"],[378,338,334,50,\"A1\"],[432,338,334,50,\"A1\"],[486,338,334,50,\"A1\"],[540,338,334,50,\"A1\"],[594,338,334,50,\"A1\"],[648,338,334,50,\"A1\"],[702,338,334,50,\"A1\"],[756,338,334,50,\"A1\"],[810,338,334,50,\"A1\"],[864,338,334,50,\"A1\"],[918,338,334,50,\"A1\"],[972,338,334,50,\"A1\"],[1026,338,334,50,\"A1\"],[1080,338,334,50,\"A1\"],[1134,338,334,50,\"A1\"],[0,676,334,50,\"A1\"],[54,676,334,50,\"A1\"],[108,676,334,50,\"A1\"],[162,676,334,50,\"A1\"],[216,676,334,50,\"A1\"],[270,676,334,50,\"A1\"],[324,676,334,50,\"A1\"],[378,676,334,50,\"A1\"],[432,676,334,50,\"A1\"],[486,676,334,50,\"A1\"],[540,676,334,50,\"A1\"],[594,676,334,50,\"A1\"],[648,676,334,50,\"A1\"],[702,676,334,50,\"A1\"],[756,676,334,50,\"A1\"],[810,676,334,50,\"A1\"],[864,676,334,50,\"A1\"],[918,676,334,50,\"A1\"],[972,676,334,50,\"A1\"],[1026,676,334,50,\"A1\"],[1080,676,334,50,\"A1\"],[1134,676,334,50,\"A1\"],[0,1014,334,50,\"A1\"],[54,1014,334,50,\"A1\"],[108,1014,334,50,\"A1\"],[162,1014,334,50,\"A1\"],[216,1014,334,50,\"A1\"],[270,1014,334,50,\"A1\"],[324,1014,334,50,\"A1\"],[378,1014,334,50,\"A1\"],[432,1014,334,50,\"A1\"],[486,1014,334,50,\"A1\"],[540,1014,334,50,\"A1\"],[594,1014,334,50,\"A1\"],[648,1014,334,50,\"A1\"],[702,1014,334,50,\"A1\"],[756,1014,334,50,\"A1\"],[810,1014,334,50,\"A1\"],[864,1014,334,50,\"A1\"],[918,1014,334,50,\"A1\"],[972,1014,334,50,\"A1\"],[1026,1014,334,50,\"A1\"],[1080,1014,334,50,\"A1\"],[1134,1014,334,50,\"A1\"],[0,1352,334,50,\"A1\"],[54,1352,334,50,\"A1\"],[108,1352,334,50,\"A1\"],[162,1352,334,50,\"A1\"],[216,1352,334,50,\"A1\"],[270,1352,334,50,\"A1\"],[324,1352,334,50,\"A1\"],[378,1352,334,50,\"A1\"],[432,1352,334,50,\"A1\"],[486,1352,334,50,\"A1\"],[540,1352,334,50,\"A1\"],[594,1352,334,50,\"A1\"],[648,1352,334,50,\"A1\"],[702,1352,334,50,\"A1\"],[756,1352,334,50,\"A1\"],[810,1352,334,50,\"A1\"],[864,1352,334,50,\"A1\"],[918,1352,334,50,\"A1\"],[972,1352,334,50,\"A1\"],[1026,1352,334,50,\"A1\"],[1080,1352,334,50,\"A1\"],[1134,1352,334,50,\"A1\"],[0,1690,334,50,\"A1\"],[54,1690,334,50,\"A1\"],[108,1690,334,50,\"A1\"],[162,1690,334,50,\"A1\"],[216,1690,334,50,\"A1\"],[270,1690,334,50,\"A1\"],[324,1690,334,50,\"A1\"],[378,1690,334,50,\"A1\"],[432,1690,334,50,\"A1\"],[486,1690,334,50,\"A1\"],[540,1690,334,50,\"A1\"],[594,1690,334,50,\"A1\"],[648,1690,334,50,\"A1\"],[702,1690,334,50,\"A1\"],[756,1690,334,50,\"A1\"],[810,1690,334,50,\"A1\"],[864,1690,334,50,\"A1\"],[918,1690,334,50,\"A1\"],[972,1690,334,50,\"A1\"],[1026,1690,334,50,\"A1\"],[1080,1690,334,50,\"A1\"],[1134,1690,334,50,\"A1\"],[0,2028,334,50,\"A1\"],[54,2028,334,50,\"A1\"],[108,2028,334,50,\"A1\"],[162,2028,334,50,\"A1\"],[216,2028,334,50,\"A1\"],[270,2028,334,50,\"A1\"],[324,2028,334,50,\"A1\"],[378,2028,334,50,\"A1\"],[432,2028,334,50,\"A1\"],[486,2028,334,50,\"A1\"],[540,2028,334,50,\"A1\"],[594,2028,334,50,\"A1\"],[648,2028,334,50,\"A1\"],[702,2028,334,50,\"A1\"],[756,2028,334,50,\"A1\"],[810,2028,334,50,\"A1\"],[864,2028,334,50,\"A1\"],[918,2028,334,50,\"A1\"],[972,2028,334,50,\"A1\"],[1026,2028,334,50,\"A1\"],[1080,2028,334,50,\"A1\"],[1134,2028,334,50,\"A1\"]],\"remains\":[[0,2366,34,1200,0],[1188,2028,334,12,0],[1188,1690,334,12,0],[1188,1352,334,12,0],[1188,1014,334,12,0],[1188,676,334,12,0],[1188,338,334,12,0],[1188,0,334,12,0]],\"id\":\"panel_6_37\"},{\"width\":2400,\"height\":1200,\"req\":0,\"rects\":[[0,0,334,50,\"A1\"],[54,0,334,50,\"A1\"],[108,0,334,50,\"A1\"],[162,0,334,50,\"A1\"],[216,0,334,50,\"A1\"],[270,0,334,50,\"A1\"],[324,0,334,50,\"A1\"],[378,0,334,50,\"A1\"],[432,0,334,50,\"A1\"],[486,0,334,50,\"A1\"],[540,0,334,50,\"A1\"],[594,0,334,50,\"A1\"],[648,0,334,50,\"A1\"],[702,0,334,50,\"A1\"],[756,0,334,207,\"A13\"],[967,0,334,207,\"A13\"],[0,338,334,207,\"A13\"],[211,338,334,207,\"A13\"],[422,338,334,207,\"A13\"],[633,338,334,207,\"A13\"],[844,338,334,207,\"A13\"],[0,676,334,207,\"A13\"],[211,676,334,207,\"A13\"],[422,676,334,207,\"A13\"],[633,676,334,207,\"A13\"],[844,676,334,207,\"A13\"],[0,1014,334,207,\"A13\"],[211,1014,334,207,\"A13\"],[422,1014,334,207,\"A13\"],[633,1014,334,207,\"A13\"],[844,1014,334,207,\"A13\"],[0,1352,334,207,\"A13\"],[211,1352,334,207,\"A13\"],[422,1352,334,207,\"A13\"],[633,1352,334,207,\"A13\"],[844,1352,334,207,\"A13\"],[0,1690,334,207,\"A13\"],[211,1690,334,207,\"A13\"],[422,1690,334,207,\"A13\"],[633,1690,334,207,\"A13\"],[844,1690,334,207,\"A13\"],[0,2028,334,207,\"A13\"],[211,2028,334,207,\"A13\"],[422,2028,334,227,\"A12\"],[653,2028,334,227,\"A12\"],[884,2028,334,227,\"A12\"],[1055,338,334,50,\"A1\"],[1109,338,334,50,\"A1\"],[1055,676,334,50,\"A1\"],[1109,676,334,50,\"A1\"],[1055,1014,334,50,\"A1\"],[1109,1014,334,50,\"A1\"],[1055,1352,334,50,\"A1\"],[1109,1352,334,50,\"A1\"],[1055,1690,334,50,\"A1\"],[1109,1690,334,50,\"A1\"],[1115,2028,334,50,\"A1\"]],\"remains\":[[0,2366,34,1200,0],[1169,2028,334,31,0],[1163,1690,334,37,0],[1163,1352,334,37,0],[1163,1014,334,37,0],[1163,676,334,37,0],[1163,338,334,37,0],[1178,0,334,22,0]],\"id\":\"panel_6_38\"},{\"width\":2400,\"height\":1200,\"req\":0,\"rects\":[[0,0,334,227,\"A12\"],[231,0,334,227,\"A12\"],[462,0,334,227,\"A12\"],[693,0,334,227,\"A12\"],[924,0,334,227,\"A12\"],[0,338,334,227,\"A12\"],[231,338,334,227,\"A12\"],[462,338,334,227,\"A12\"],[693,338,334,227,\"A12\"],[924,338,334,227,\"A12\"],[0,676,334,227,\"A12\"],[231,676,334,227,\"A12\"],[462,676,334,227,\"A12\"],[693,676,334,227,\"A12\"],[924,676,334,227,\"A12\"],[0,1014,334,227,\"A12\"],[231,1014,334,227,\"A12\"],[462,1014,334,227,\"A12\"],[693,1014,334,227,\"A12\"],[924,1014,334,227,\"A12\"],[0,1352,334,227,\"A12\"],[231,1352,334,227,\"A12\"],[462,1352,334,227,\"A12\"],[693,1352,334,207,\"A13\"],[904,1352,334,207,\"A13\"],[0,1690,334,207,\"A13\"],[211,1690,334,207,\"A13\"],[422,1690,334,207,\"A13\"],[633,1690,334,207,\"A13\"],[844,1690,334,207,\"A13\"],[0,2028,334,207,\"A13\"],[211,2028,334,207,\"A13\"],[422,2028,334,207,\"A13\"],[633,2028,334,207,\"A13\"],[844,2028,334,207,\"A13\"],[1115,1352,334,50,\"A1\"],[1055,1690,334,50,\"A1\"],[1109,1690,334,50,\"A1\"],[1055,2028,334,50,\"A1\"],[1109,2028,334,50,\"A1\"]],\"remains\":[[0,2366,34,1200,0],[1163,2028,334,37,0],[1163,1690,334,37,0],[1169,1352,334,31,0],[1155,1014,334,45,0],[1155,676,334,45,0],[1155,338,334,45,0],[1155,0,334,45,0]],\"id\":\"panel_6_39\"},{\"width\":2400,\"height\":1200,\"req\":0,\"rects\":[[0,0,334,207,\"A13\"],[211,0,334,207,\"A13\"],[422,0,334,207,\"A13\"],[633,0,334,207,\"A13\"],[844,0,334,207,\"A13\"],[0,338,334,207,\"A13\"],[211,338,334,207,\"A13\"],[422,338,334,207,\"A13\"],[633,338,334,207,\"A13\"],[844,338,334,207,\"A13\"],[0,676,334,207,\"A13\"],[211,676,334,207,\"A13\"],[422,676,334,207,\"A13\"],[633,676,334,207,\"A13\"],[844,676,334,207,\"A13\"],[0,1014,334,207,\"A13\"],[211,1014,334,207,\"A13\"],[422,1014,334,207,\"A13\"],[633,1014,334,207,\"A13\"],[844,1014,334,207,\"A13\"],[0,1352,334,207,\"A13\"],[211,1352,334,207,\"A13\"],[422,1352,334,207,\"A13\"],[633,1352,334,207,\"A13\"],[844,1352,334,207,\"A13\"],[0,1690,334,207,\"A13\"],[211,1690,334,207,\"A13\"],[422,1690,334,207,\"A13\"],[633,1690,334,207,\"A13\"],[844,1690,334,207,\"A13\"],[0,2028,334,207,\"A13\"],[211,2028,334,207,\"A13\"],[422,2028,334,207,\"A13\"],[633,2028,334,207,\"A13\"],[844,2028,334,207,\"A13\"],[1055,0,334,50,\"A1\"],[1109,0,334,50,\"A1\"],[1055,338,334,50,\"A1\"],[1109,338,334,50,\"A1\"],[1055,676,334,50,\"A1\"],[1109,676,334,50,\"A1\"],[1055,1014,334,50,\"A1\"],[1109,1014,334,50,\"A1\"],[1055,1352,334,50,\"A1\"],[1109,1352,334,50,\"A1\"],[1055,1690,334,50,\"A1\"],[1109,1690,334,50,\"A1\"],[1055,2028,334,50,\"A1\"],[1109,2028,334,50,\"A1\"]],\"remains\":[[0,2366,34,1200,0],[1163,2028,334,37,0],[1163,1690,334,37,0],[1163,1352,334,37,0],[1163,1014,334,37,0],[1163,676,334,37,0],[1163,338,334,37,0],[1163,0,334,37,0]],\"id\":\"panel_6_40\"},{\"width\":2400,\"height\":1200,\"req\":0,\"rects\":[[0,0,334,207,\"A13\"],[211,0,334,207,\"A13\"],[422,0,334,207,\"A13\"],[633,0,334,207,\"A13\"],[844,0,334,227,\"A12\"],[0,338,334,227,\"A12\"],[231,338,334,227,\"A12\"],[462,338,334,227,\"A12\"],[693,338,334,227,\"A12\"],[924,338,334,227,\"A12\"],[0,676,334,227,\"A12\"],[231,676,334,227,\"A12\"],[462,676,334,227,\"A12\"],[693,676,334,227,\"A12\"],[924,676,334,227,\"A12\"],[0,1014,334,227,\"A12\"],[231,1014,334,227,\"A12\"],[462,1014,334,227,\"A12\"],[693,1014,334,227,\"A12\"],[924,1014,334,227,\"A12\"],[0,1352,334,227,\"A12\"],[231,1352,334,227,\"A12\"],[462,1352,334,227,\"A12\"],[693,1352,334,227,\"A12\"],[924,1352,334,227,\"A12\"],[0,1690,334,227,\"A12\"],[231,1690,334,227,\"A12\"],[462,1690,334,227,\"A12\"],[693,1690,334,227,\"A12\"],[924,1690,334,227,\"A12\"],[0,2028,334,227,\"A12\"],[231,2028,334,227,\"A12\"],[462,2028,334,227,\"A12\"],[693,2028,334,227,\"A12\"],[924,2028,334,227,\"A12\"],[1075,0,334,50,\"A1\"],[1129,0,334,50,\"A1\"]],\"remains\":[[0,2366,34,1200,0],[1155,2028,334,45,0],[1155,1690,334,45,0],[1155,1352,334,45,0],[1155,1014,334,45,0],[1155,676,334,45,0],[1155,338,334,45,0],[1183,0,334,17,0]],\"id\":\"panel_6_41\"},{\"width\":2400,\"height\":1200,\"req\":0,\"rects\":[[0,0,334,227,\"A12\"],[231,0,334,227,\"A12\"],[462,0,334,227,\"A12\"],[693,0,334,227,\"A12\"],[924,0,334,227,\"A12\"],[0,338,334,227,\"A12\"],[231,338,334,227,\"A12\"],[462,338,334,227,\"A12\"],[693,338,334,227,\"A12\"],[924,338,334,227,\"A12\"],[0,676,334,227,\"A12\"],[231,676,334,227,\"A12\"],[462,676,334,227,\"A12\"],[693,676,334,227,\"A12\"],[924,676,334,227,\"A12\"],[0,1014,334,227,\"A12\"],[231,1014,334,227,\"A12\"],[462,1014,334,227,\"A12\"],[693,1014,334,227,\"A12\"],[924,1014,334,227,\"A12\"],[0,1352,334,227,\"A12\"],[231,1352,334,227,\"A12\"],[462,1352,334,227,\"A12\"],[693,1352,334,227,\"A12\"],[924,1352,334,227,\"A12\"],[0,1690,334,227,\"A12\"],[231,1690,334,227,\"A12\"],[462,1690,334,227,\"A12\"],[693,1690,334,227,\"A12\"],[924,1690,334,227,\"A12\"],[0,2028,334,227,\"A12\"],[231,2028,334,227,\"A12\"],[462,2028,334,227,\"A12\"],[693,2028,334,227,\"A12\"],[924,2028,334,227,\"A12\"]],\"remains\":[[0,2366,34,1200,0],[1155,2028,334,45,0],[1155,1690,334,45,0],[1155,1352,334,45,0],[1155,1014,334,45,0],[1155,676,334,45,0],[1155,338,334,45,0],[1155,0,334,45,0]],\"id\":\"panel_6_42\"},{\"width\":2400,\"height\":1200,\"req\":0,\"rects\":[[0,0,334,227,\"A12\"],[231,0,334,227,\"A12\"],[462,0,334,227,\"A12\"],[693,0,334,227,\"A12\"],[924,0,334,227,\"A12\"],[0,338,334,227,\"A12\"],[231,338,334,227,\"A12\"],[462,338,334,227,\"A12\"],[693,338,334,227,\"A12\"],[924,338,334,227,\"A12\"],[0,676,334,227,\"A12\"],[231,676,334,227,\"A12\"],[462,676,334,227,\"A12\"],[693,676,334,227,\"A12\"],[924,676,334,227,\"A12\"],[0,1014,334,227,\"A12\"],[231,1014,334,227,\"A12\"],[462,1014,334,227,\"A12\"],[693,1014,334,227,\"A12\"],[924,1014,334,227,\"A12\"],[0,1352,334,227,\"A12\"],[231,1352,334,227,\"A12\"],[462,1352,334,227,\"A12\"],[693,1352,334,227,\"A12\"],[924,1352,334,227,\"A12\"],[0,1690,334,227,\"A12\"],[231,1690,334,227,\"A12\"],[462,1690,334,227,\"A12\"],[693,1690,334,227,\"A12\"],[924,1690,334,227,\"A12\"],[0,2028,334,227,\"A12\"],[231,2028,334,227,\"A12\"],[462,2028,334,227,\"A12\"],[693,2028,334,227,\"A12\"],[924,2028,334,227,\"A12\"]],\"remains\":[[0,2366,34,1200,0],[1155,2028,334,45,0],[1155,1690,334,45,0],[1155,1352,334,45,0],[1155,1014,334,45,0],[1155,676,334,45,0],[1155,338,334,45,0],[1155,0,334,45,0]],\"id\":\"panel_6_43\"},{\"width\":2400,\"height\":1200,\"req\":0,\"rects\":[[0,0,334,227,\"A12\"],[231,0,334,227,\"A12\"],[462,0,334,227,\"A12\"],[693,0,334,227,\"A12\"],[924,0,334,227,\"A12\"],[0,338,334,227,\"A12\"],[231,338,334,227,\"A12\"],[462,338,334,227,\"A12\"],[693,338,334,227,\"A12\"],[924,338,334,227,\"A12\"],[0,676,334,227,\"A12\"],[231,676,334,50,\"A1\"],[285,676,334,50,\"A1\"],[339,676,334,50,\"A1\"],[393,676,334,50,\"A1\"],[447,676,334,50,\"A1\"],[501,676,334,50,\"A1\"],[555,676,334,50,\"A1\"],[609,676,334,50,\"A1\"],[663,676,334,50,\"A1\"],[717,676,334,50,\"A1\"],[771,676,334,50,\"A1\"],[825,676,334,50,\"A1\"],[879,676,334,50,\"A1\"],[933,676,334,50,\"A1\"],[987,676,334,50,\"A1\"],[1041,676,334,50,\"A1\"],[1095,676,334,50,\"A1\"],[1149,676,334,50,\"A1\"],[0,1014,334,50,\"A1\"],[54,1014,334,50,\"A1\"],[108,1014,334,50,\"A1\"],[162,1014,334,50,\"A1\"],[216,1014,334,50,\"A1\"],[270,1014,334,50,\"A1\"],[324,1014,334,50,\"A1\"],[378,1014,334,50,\"A1\"],[432,1014,334,50,\"A1\"],[486,1014,334,50,\"A1\"],[540,1014,334,50,\"A1\"],[594,1014,334,50,\"A1\"],[648,1014,334,50,\"A1\"],[702,1014,334,50,\"A1\"],[756,1014,334,50,\"A1\"],[810,1014,334,50,\"A1\"],[864,1014,334,50,\"A1\"],[918,1014,334,50,\"A1\"],[972,1014,334,50,\"A1\"],[1026,1014,334,50,\"A1\"],[1080,1014,334,50,\"A1\"],[1134,1014,334,50,\"A1\"],[0,1352,334,50,\"A1\"],[54,1352,334,50,\"A1\"],[108,1352,334,50,\"A1\"],[162,1352,334,50,\"A1\"],[216,1352,334,50,\"A1\"],[270,1352,334,50,\"A1\"],[324,1352,334,50,\"A1\"],[378,1352,334,50,\"A1\"],[432,1352,334,50,\"A1\"],[486,1352,334,50,\"A1\"],[540,1352,334,50,\"A1\"],[594,1352,334,50,\"A1\"],[648,1352,334,50,\"A1\"],[702,1352,334,50,\"A1\"],[756,1352,334,50,\"A1\"],[810,1352,334,50,\"A1\"],[864,1352,334,50,\"A1\"],[918,1352,334,50,\"A1\"],[972,1352,334,50,\"A1\"],[1026,1352,334,50,\"A1\"],[1080,1352,334,50,\"A1\"],[1134,1352,334,50,\"A1\"],[0,1690,334,50,\"A1\"],[54,1690,334,50,\"A1\"],[108,1690,334,50,\"A1\"],[162,1690,334,50,\"A1\"],[216,1690,334,50,\"A1\"],[270,1690,334,50,\"A1\"],[324,1690,334,50,\"A1\"],[378,1690,334,50,\"A1\"],[432,1690,334,50,\"A1\"],[486,1690,334,50,\"A1\"],[540,1690,334,50,\"A1\"],[594,1690,334,50,\"A1\"],[648,1690,334,50,\"A1\"],[702,1690,334,50,\"A1\"],[756,1690,334,50,\"A1\"],[810,1690,334,50,\"A1\"],[864,1690,334,50,\"A1\"],[918,1690,334,50,\"A1\"],[972,1690,334,50,\"A1\"],[1026,1690,334,50,\"A1\"],[1080,1690,334,50,\"A1\"],[1134,1690,334,50,\"A1\"],[0,2028,334,50,\"A1\"],[54,2028,334,50,\"A1\"],[108,2028,334,50,\"A1\"],[162,2028,334,50,\"A1\"],[216,2028,334,50,\"A1\"],[270,2028,334,50,\"A1\"],[324,2028,334,50,\"A1\"],[378,2028,334,50,\"A1\"],[432,2028,334,50,\"A1\"],[486,2028,334,50,\"A1\"],[540,2028,334,50,\"A1\"],[594,2028,334,50,\"A1\"],[648,2028,334,50,\"A1\"],[702,2028,334,50,\"A1\"],[756,2028,334,50,\"A1\"],[810,2028,334,50,\"A1\"],[864,2028,334,50,\"A1\"],[918,2028,334,50,\"A1\"],[972,2028,334,50,\"A1\"],[1026,2028,334,50,\"A1\"],[1080,2028,334,50,\"A1\"],[1134,2028,334,50,\"A1\"]],\"remains\":[[0,2366,34,1200,0],[1188,2028,334,12,0],[1188,1690,334,12,0],[1188,1352,334,12,0],[1188,1014,334,12,0],[1155,338,334,45,0],[1155,0,334,45,0]],\"id\":\"panel_6_44\"},{\"width\":2400,\"height\":1200,\"req\":0,\"rects\":[[0,0,334,50,\"A1\"],[54,0,334,50,\"A1\"],[108,0,334,50,\"A1\"],[162,0,334,50,\"A1\"],[216,0,334,50,\"A1\"],[270,0,334,50,\"A1\"],[324,0,334,50,\"A1\"],[378,0,334,50,\"A1\"],[432,0,334,50,\"A1\"],[486,0,334,50,\"A1\"],[540,0,334,50,\"A1\"],[594,0,334,50,\"A1\"],[648,0,334,50,\"A1\"],[702,0,334,50,\"A1\"],[756,0,334,50,\"A1\"],[810,0,334,50,\"A1\"],[864,0,334,50,\"A1\"],[918,0,334,50,\"A1\"],[972,0,334,50,\"A1\"],[1026,0,334,50,\"A1\"],[1080,0,334,50,\"A1\"],[1134,0,334,50,\"A1\"],[0,338,334,50,\"A1\"],[54,338,334,50,\"A1\"],[108,338,334,50,\"A1\"],[162,338,334,50,\"A1\"],[216,338,334,50,\"A1\"],[270,338,334,50,\"A1\"],[324,338,334,50,\"A1\"],[378,338,334,50,\"A1\"],[432,338,334,50,\"A1\"],[486,338,334,50,\"A1\"],[540,338,334,50,\"A1\"],[594,338,334,50,\"A1\"],[648,338,334,50,\"A1\"],[702,338,334,50,\"A1\"],[756,338,334,50,\"A1\"],[810,338,334,50,\"A1\"],[864,338,334,50,\"A1\"],[918,338,334,50,\"A1\"],[972,338,334,50,\"A1\"],[1026,338,334,50,\"A1\"],[1080,338,334,50,\"A1\"],[1134,338,334,50,\"A1\"],[0,676,334,50,\"A1\"],[54,676,334,50,\"A1\"],[108,676,334,50,\"A1\"],[162,676,334,50,\"A1\"],[216,676,334,50,\"A1\"],[270,676,334,50,\"A1\"],[324,676,334,50,\"A1\"],[378,676,334,50,\"A1\"],[432,676,334,50,\"A1\"],[486,676,334,50,\"A1\"],[540,676,334,50,\"A1\"],[594,676,334,50,\"A1\"],[648,676,334,50,\"A1\"],[702,676,334,50,\"A1\"],[756,676,334,50,\"A1\"],[810,676,334,50,\"A1\"],[864,676,334,50,\"A1\"],[918,676,334,50,\"A1\"],[972,676,334,50,\"A1\"],[1026,676,334,50,\"A1\"],[1080,676,334,50,\"A1\"],[1134,676,334,50,\"A1\"],[0,1014,334,50,\"A1\"],[54,1014,334,50,\"A1\"],[108,1014,334,50,\"A1\"],[162,1014,334,50,\"A1\"],[216,1014,334,50,\"A1\"],[270,1014,334,50,\"A1\"],[324,1014,334,50,\"A1\"],[378,1014,334,50,\"A1\"],[432,1014,334,50,\"A1\"],[486,1014,334,50,\"A1\"],[540,1014,334,50,\"A1\"],[594,1014,334,50,\"A1\"],[648,1014,334,50,\"A1\"],[702,1014,334,50,\"A1\"],[756,1014,334,50,\"A1\"],[810,1014,334,50,\"A1\"],[864,1014,334,50,\"A1\"],[918,1014,334,50,\"A1\"],[972,1014,334,50,\"A1\"],[1026,1014,334,50,\"A1\"],[1080,1014,334,50,\"A1\"],[1134,1014,334,50,\"A1\"],[0,1352,334,50,\"A1\"],[54,1352,334,50,\"A1\"],[108,1352,334,50,\"A1\"],[162,1352,334,227,\"A12\"],[393,1352,264,60,\"A6\"],[457,1352,264,60,\"A6\"],[521,1352,264,60,\"A6\"],[585,1352,264,60,\"A6\"],[649,1352,264,60,\"A6\"],[713,1352,264,60,\"A6\"],[777,1352,264,60,\"A6\"],[841,1352,264,60,\"A6\"],[905,1352,264,60,\"A6\"],[969,1352,264,60,\"A6\"],[1033,1352,264,60,\"A6\"],[1097,1352,264,60,\"A6\"],[393,1620,60,264,\"A6\"],[661,1620,60,264,\"A6\"],[929,1620,60,264,\"A6\"],[0,1690,264,60,\"A6\"],[64,1690,264,60,\"A6\"],[128,1690,264,60,\"A6\"],[192,1690,264,60,\"A6\"],[256,1690,264,60,\"A6\"],[320,1690,264,60,\"A6\"],[384,1690,264,60,\"A6\"],[448,1690,264,60,\"A6\"],[512,1690,264,60,\"A6\"],[576,1690,264,60,\"A6\"],[640,1690,264,60,\"A6\"],[704,1690,264,60,\"A6\"],[768,1690,264,60,\"A6\"],[832,1690,264,60,\"A6\"],[896,1690,264,60,\"A6\"],[960,1690,264,60,\"A6\"],[1024,1690,264,60,\"A6\"],[1088,1690,264,60,\"A6\"],[0,1958,264,60,\"A6\"],[64,1958,264,60,\"A6\"],[128,1958,264,60,\"A6\"],[192,1958,264,60,\"A6\"],[256,1958,264,60,\"A6\"],[320,1958,264,60,\"A6\"],[384,1958,264,60,\"A6\"],[448,1958,264,60,\"A6\"],[512,1958,264,60,\"A6\"],[576,1958,264,60,\"A6\"],[640,1958,264,60,\"A6\"],[704,1958,264,60,\"A6\"],[768,1958,264,60,\"A6\"],[832,1958,264,60,\"A6\"],[896,1958,264,60,\"A6\"],[960,1958,264,60,\"A6\"],[1024,1958,264,60,\"A6\"],[1088,1958,264,60,\"A6\"]],\"remains\":[[0,2226,174,1200,0],[1152,1958,264,48,0],[1152,1690,264,48,0],[1197,1620,66,3,0],[929,1684,2,264,0],[661,1684,2,264,0],[393,1684,2,264,0],[1161,1352,264,39,0],[1188,1014,334,12,0],[1188,676,334,12,0],[1188,338,334,12,0],[1188,0,334,12,0]],\"id\":\"panel_6_45\"},{\"width\":2400,\"height\":1200,\"req\":0,\"rects\":[[0,0,264,60,\"A6\"],[64,0,264,60,\"A6\"],[128,0,264,60,\"A6\"],[192,0,264,60,\"A6\"],[256,0,264,60,\"A6\"],[320,0,264,60,\"A6\"],[384,0,264,60,\"A6\"],[448,0,264,60,\"A6\"],[512,0,264,60,\"A6\"],[576,0,264,60,\"A6\"],[640,0,264,60,\"A6\"],[704,0,264,60,\"A6\"],[768,0,264,60,\"A6\"],[832,0,264,60,\"A6\"],[896,0,264,60,\"A6\"],[960,0,264,60,\"A6\"],[1024,0,264,60,\"A6\"],[1088,0,264,60,\"A6\"],[0,268,264,60,\"A6\"],[64,268,264,60,\"A6\"],[128,268,264,60,\"A6\"],[192,268,264,60,\"A6\"],[256,268,264,60,\"A6\"],[320,268,264,60,\"A6\"],[384,268,264,60,\"A6\"],[448,268,264,60,\"A6\"],[512,268,264,60,\"A6\"],[576,268,264,60,\"A6\"],[640,268,264,60,\"A6\"],[704,268,264,60,\"A6\"],[768,268,264,60,\"A6\"],[832,268,264,60,\"A6\"],[896,268,264,60,\"A6\"],[960,268,264,60,\"A6\"],[1024,268,264,60,\"A6\"],[1088,268,264,60,\"A6\"],[0,536,264,60,\"A6\"],[64,536,264,60,\"A6\"],[128,536,264,60,\"A6\"],[192,536,264,60,\"A6\"],[256,536,264,60,\"A6\"],[320,536,264,60,\"A6\"],[384,536,264,60,\"A6\"],[448,536,264,60,\"A6\"],[512,536,264,60,\"A6\"],[576,536,264,60,\"A6\"],[640,536,264,60,\"A6\"],[704,536,264,60,\"A6\"],[768,536,264,60,\"A6\"],[832,536,264,60,\"A6\"],[896,536,264,60,\"A6\"],[960,536,264,60,\"A6\"],[1024,536,264,60,\"A6\"],[1088,536,264,60,\"A6\"],[0,804,264,60,\"A6\"],[64,804,264,60,\"A6\"],[128,804,264,60,\"A6\"],[192,804,264,60,\"A6\"],[256,804,264,60,\"A6\"],[320,804,264,60,\"A6\"],[384,804,264,60,\"A6\"],[448,804,264,60,\"A6\"],[512,804,264,60,\"A6\"],[576,804,264,60,\"A6\"],[640,804,264,60,\"A6\"],[704,804,264,60,\"A6\"],[768,804,264,60,\"A6\"],[832,804,264,60,\"A6\"],[896,804,264,60,\"A6\"],[960,804,264,60,\"A6\"],[1024,804,264,60,\"A6\"],[1088,804,264,60,\"A6\"],[0,1072,264,60,\"A6\"],[64,1072,264,60,\"A6\"],[128,1072,264,60,\"A6\"],[192,1072,264,60,\"A6\"],[256,1072,264,60,\"A6\"],[320,1072,264,60,\"A6\"],[384,1072,264,60,\"A6\"],[448,1072,264,60,\"A6\"],[512,1072,264,60,\"A6\"],[576,1072,264,60,\"A6\"],[640,1072,264,60,\"A6\"],[704,1072,264,60,\"A6\"],[768,1072,264,60,\"A6\"],[832,1072,264,60,\"A6\"],[896,1072,264,60,\"A6\"],[960,1072,264,60,\"A6\"],[1024,1072,264,60,\"A6\"],[1088,1072,264,60,\"A6\"],[0,1340,264,60,\"A6\"],[64,1340,264,60,\"A6\"],[128,1340,264,60,\"A6\"],[192,1340,264,60,\"A6\"],[256,1340,264,60,\"A6\"],[320,1340,264,60,\"A6\"],[384,1340,264,60,\"A6\"],[448,1340,264,60,\"A6\"],[512,1340,264,60,\"A6\"],[576,1340,264,60,\"A6\"],[640,1340,264,60,\"A6\"],[704,1340,264,60,\"A6\"],[768,1340,264,60,\"A6\"],[832,1340,264,60,\"A6\"],[896,1340,264,60,\"A6\"],[960,1340,264,60,\"A6\"],[1024,1340,264,60,\"A6\"],[1088,1340,264,60,\"A6\"],[0,1608,264,60,\"A6\"],[64,1608,264,60,\"A6\"],[128,1608,264,60,\"A6\"],[192,1608,264,60,\"A6\"],[256,1608,264,60,\"A6\"],[320,1608,264,60,\"A6\"],[384,1608,264,60,\"A6\"],[448,1608,264,60,\"A6\"],[512,1608,264,60,\"A6\"],[576,1608,264,60,\"A6\"],[640,1608,264,60,\"A6\"],[704,1608,264,60,\"A6\"],[768,1608,264,60,\"A6\"],[832,1608,264,60,\"A6\"],[896,1608,264,60,\"A6\"],[960,1608,264,60,\"A6\"],[1024,1608,264,60,\"A6\"],[1088,1608,264,60,\"A6\"],[0,1876,264,60,\"A6\"],[64,1876,264,60,\"A6\"],[128,1876,264,60,\"A6\"],[192,1876,254,78,\"A5\"],[274,1876,254,78,\"A5\"],[356,1876,254,78,\"A5\"],[438,1876,254,78,\"A5\"],[520,1876,254,78,\"A5\"],[602,1876,254,78,\"A5\"],[684,1876,254,78,\"A5\"],[766,1876,254,78,\"A5\"],[848,1876,254,78,\"A5\"],[930,1876,254,78,\"A5\"],[1012,1876,254,78,\"A5\"],[1094,1876,254,78,\"A5\"],[0,2144,254,78,\"A5\"],[82,2144,254,78,\"A5\"],[164,2144,254,78,\"A5\"],[246,2144,254,78,\"A5\"],[328,2144,254,78,\"A5\"],[410,2144,254,78,\"A5\"],[492,2144,254,78,\"A5\"],[574,2144,254,78,\"A5\"],[656,2144,254,78,\"A5\"],[738,2144,254,78,\"A5\"],[820,2144,254,78,\"A5\"],[902,2144,254,78,\"A5\"],[984,2144,254,78,\"A5\"],[1066,2144,254,78,\"A5\"]],\"remains\":[[1148,2144,254,52,0],[192,2134,6,1008,0],[1176,1876,254,24,0],[1152,1608,264,48,0],[1152,1340,264,48,0],[1152,1072,264,48,0],[1152,804,264,48,0],[1152,536,264,48,0],[1152,268,264,48,0],[1152,0,264,48,0]],\"id\":\"panel_6_46\"},{\"width\":2400,\"height\":1200,\"req\":0,\"rects\":[[0,0,254,78,\"A5\"],[82,0,254,78,\"A5\"],[164,0,254,78,\"A5\"],[246,0,254,78,\"A5\"],[328,0,254,78,\"A5\"],[410,0,254,78,\"A5\"],[492,0,254,78,\"A5\"],[574,0,254,78,\"A5\"],[656,0,254,78,\"A5\"],[738,0,254,78,\"A5\"],[820,0,254,78,\"A5\"],[902,0,254,78,\"A5\"],[984,0,254,78,\"A5\"],[1066,0,254,78,\"A5\"],[0,258,254,78,\"A5\"],[82,258,254,78,\"A5\"],[164,258,254,78,\"A5\"],[246,258,254,78,\"A5\"],[328,258,254,78,\"A5\"],[410,258,254,78,\"A5\"],[492,258,254,78,\"A5\"],[574,258,254,78,\"A5\"],[656,258,254,78,\"A5\"],[738,258,254,78,\"A5\"],[820,258,254,78,\"A5\"],[902,258,254,78,\"A5\"],[984,258,254,78,\"A5\"],[1066,258,254,78,\"A5\"],[0,516,254,78,\"A5\"],[82,516,254,78,\"A5\"],[164,516,254,78,\"A5\"],[246,516,254,78,\"A5\"],[328,516,254,78,\"A5\"],[410,516,254,78,\"A5\"],[492,516,254,78,\"A5\"],[574,516,254,78,\"A5\"],[656,516,254,78,\"A5\"],[738,516,254,78,\"A5\"],[820,516,254,78,\"A5\"],[902,516,254,78,\"A5\"],[984,516,254,78,\"A5\"],[1066,516,254,78,\"A5\"],[0,774,254,78,\"A5\"],[82,774,254,78,\"A5\"],[164,774,254,78,\"A5\"],[246,774,254,78,\"A5\"],[328,774,254,78,\"A5\"],[410,774,254,78,\"A5\"],[492,774,254,78,\"A5\"],[574,774,254,78,\"A5\"],[656,774,254,78,\"A5\"],[738,774,254,78,\"A5\"],[820,774,254,78,\"A5\"],[902,774,254,78,\"A5\"],[984,774,254,78,\"A5\"],[1066,774,254,78,\"A5\"],[0,1032,254,78,\"A5\"],[82,1032,254,78,\"A5\"],[164,1032,254,78,\"A5\"],[246,1032,254,78,\"A5\"],[328,1032,254,78,\"A5\"],[410,1032,254,78,\"A5\"],[492,1032,254,78,\"A5\"],[574,1032,254,78,\"A5\"],[656,1032,254,78,\"A5\"],[738,1032,254,78,\"A5\"],[820,1032,254,78,\"A5\"],[902,1032,254,78,\"A5\"],[984,1032,254,78,\"A5\"],[1066,1032,254,78,\"A5\"],[0,1290,254,78,\"A5\"],[82,1290,254,78,\"A5\"],[164,1290,254,78,\"A5\"],[246,1290,254,78,\"A5\"],[328,1290,254,78,\"A5\"],[410,1290,254,78,\"A5\"],[492,1290,254,78,\"A5\"],[574,1290,254,78,\"A5\"],[656,1290,254,78,\"A5\"],[738,1290,254,78,\"A5\"],[820,1290,254,78,\"A5\"],[902,1290,254,78,\"A5\"],[984,1290,254,78,\"A5\"],[1066,1290,254,78,\"A5\"],[0,1548,254,78,\"A5\"],[82,1548,254,78,\"A5\"],[164,1548,254,78,\"A5\"],[246,1548,254,78,\"A5\"],[328,1548,254,78,\"A5\"],[410,1548,254,78,\"A5\"],[492,1548,254,78,\"A5\"],[574,1548,254,78,\"A5\"],[656,1548,254,78,\"A5\"],[738,1548,254,78,\"A5\"],[820,1548,254,78,\"A5\"],[902,1548,254,78,\"A5\"],[984,1548,254,78,\"A5\"],[1066,1548,254,78,\"A5\"],[0,1806,254,78,\"A5\"],[82,1806,254,78,\"A5\"],[164,1806,254,78,\"A5\"],[246,1806,254,78,\"A5\"],[328,1806,254,78,\"A5\"],[410,1806,254,78,\"A5\"],[492,1806,254,78,\"A5\"],[574,1806,254,78,\"A5\"],[656,1806,254,78,\"A5\"],[738,1806,254,78,\"A5\"],[820,1806,254,78,\"A5\"],[902,1806,254,78,\"A5\"],[984,1806,254,78,\"A5\"],[1066,1806,254,78,\"A5\"],[0,2064,254,78,\"A5\"],[82,2064,254,78,\"A5\"],[164,2064,254,78,\"A5\"],[246,2064,254,78,\"A5\"],[328,2064,254,78,\"A5\"],[410,2064,254,78,\"A5\"],[492,2064,254,78,\"A5\"],[574,2064,254,78,\"A5\"],[656,2064,254,78,\"A5\"],[738,2064,254,78,\"A5\"],[820,2064,254,78,\"A5\"],[902,2064,254,78,\"A5\"],[984,2064,254,78,\"A5\"],[1066,2064,254,78,\"A5\"]],\"remains\":[[0,2322,78,1200,0],[1148,2064,254,52,0],[1148,1806,254,52,0],[1148,1548,254,52,0],[1148,1290,254,52,0],[1148,1032,254,52,0],[1148,774,254,52,0],[1148,516,254,52,0],[1148,258,254,52,0],[1148,0,254,52,0]],\"id\":\"panel_6_47\"},{\"width\":2400,\"height\":1200,\"req\":0,\"rects\":[[0,0,254,78,\"A5\"],[82,0,254,78,\"A5\"],[164,0,254,78,\"A5\"],[246,0,254,78,\"A5\"],[328,0,254,78,\"A5\"],[410,0,254,78,\"A5\"],[492,0,254,78,\"A5\"],[574,0,254,78,\"A5\"],[656,0,254,78,\"A5\"],[738,0,254,78,\"A5\"],[820,0,254,78,\"A5\"],[902,0,254,78,\"A5\"],[984,0,254,78,\"A5\"],[1066,0,254,78,\"A5\"],[0,258,254,78,\"A5\"],[82,258,254,78,\"A5\"],[164,258,254,78,\"A5\"],[246,258,254,78,\"A5\"],[328,258,254,78,\"A5\"],[410,258,254,78,\"A5\"],[492,258,254,78,\"A5\"],[574,258,254,78,\"A5\"],[656,258,254,78,\"A5\"],[738,258,254,78,\"A5\"],[820,258,254,78,\"A5\"],[902,258,254,78,\"A5\"],[984,258,254,78,\"A5\"],[1066,258,254,78,\"A5\"],[0,516,254,78,\"A5\"],[82,516,254,78,\"A5\"],[164,516,254,78,\"A5\"],[246,516,254,78,\"A5\"],[328,516,254,78,\"A5\"],[410,516,254,78,\"A5\"],[492,516,254,78,\"A5\"],[574,516,254,78,\"A5\"],[656,516,254,78,\"A5\"],[738,516,254,78,\"A5\"],[820,516,254,78,\"A5\"],[902,516,254,78,\"A5\"],[984,516,254,78,\"A5\"],[1066,516,254,78,\"A5\"],[0,774,254,78,\"A5\"],[82,774,254,78,\"A5\"],[164,774,254,78,\"A5\"],[246,774,254,78,\"A5\"],[328,774,254,78,\"A5\"],[410,774,254,78,\"A5\"],[492,774,254,78,\"A5\"],[574,774,254,78,\"A5\"],[656,774,254,78,\"A5\"],[738,774,254,78,\"A5\"],[820,774,254,78,\"A5\"],[902,774,254,78,\"A5\"],[984,774,254,78,\"A5\"],[1066,774,254,78,\"A5\"],[0,1032,254,78,\"A5\"],[82,1032,254,78,\"A5\"],[164,1032,254,78,\"A5\"],[246,1032,254,78,\"A5\"],[328,1032,254,78,\"A5\"],[410,1032,254,78,\"A5\"],[492,1032,254,78,\"A5\"],[574,1032,254,78,\"A5\"],[656,1032,254,78,\"A5\"]],\"remains\":[[0,1290,1110,1200,0],[738,1032,254,462,0],[1148,774,254,52,0],[1148,516,254,52,0],[1148,258,254,52,0],[1148,0,254,52,0]],\"id\":\"panel_6_48\"}],\"remain\":[[1120,2117,25,76,0],[1040,2117,25,76,0],[960,2117,25,76,0],[880,2117,25,76,0],[800,2117,25,76,0],[720,2117,25,76,0],[640,2117,25,76,0],[560,2117,25,76,0],[480,2117,25,76,0],[400,2117,25,76,0],[320,2117,25,76,0],[240,2117,25,76,0],[160,2117,25,76,0],[80,2117,25,76,0],[0,2117,25,76,0],[1152,1984,29,48,0],[1186,1598,382,14,0],[1199,799,795,1,0],[1199,0,795,1,0],[1120,100,14,76,0],[1040,100,14,76,0],[960,100,14,76,0],[880,100,14,76,0],[800,100,14,76,0],[720,100,14,76,0],[640,100,14,76,0],[560,100,14,76,0],[480,100,14,76,0],[400,100,14,76,0],[320,100,14,76,0],[240,100,14,76,0],[160,100,14,76,0],[80,100,14,76,0],[0,100,14,76,0],[918,0,66,51,0],[838,20,46,76,0],[419,64,2,415,0],[0,64,2,415,0],[902,240,14,52,0],[942,160,76,12,0],[942,80,76,12,0],[942,0,76,12,0],[0,240,14,52,0],[40,160,76,12,0],[40,80,76,12,0],[40,0,76,12,0],[160,0,62,17,0],[80,20,42,76,0],[0,20,42,76,0],[80,0,62,76,0],[0,20,42,76,0],[80,0,62,34,0],[0,20,42,76,0],[80,0,66,30,0],[0,20,46,76,0],[0,0,62,52,0],[0,2397,3,1200,0],[1199,1598,795,1,0],[1199,799,795,1,0],[1199,0,795,1,0],[0,2397,3,1200,0],[1199,1598,795,1,0],[1199,799,795,1,0],[1199,0,795,1,0],[0,2397,3,1200,0],[1199,1598,795,1,0],[1199,799,795,1,0],[1199,0,795,1,0],[0,2397,3,1200,0],[1199,1598,795,1,0],[1199,799,795,1,0],[1199,0,795,1,0],[0,2397,3,1200,0],[1199,1598,795,1,0],[1199,799,795,1,0],[1199,0,795,1,0],[0,2397,3,1200,0],[1163,2355,38,37,0],[1083,2375,18,76,0],[1003,2375,18,76,0],[923,2375,18,76,0],[843,2375,18,76,0],[763,2375,18,76,0],[1192,2017,334,8,0],[1147,1984,29,53,0],[1181,1918,62,19,0],[1199,799,795,1,0],[1199,0,795,1,0],[1120,2383,17,76,0],[1040,2383,17,76,0],[960,2383,17,76,0],[880,2383,17,76,0],[800,2383,17,76,0],[720,2383,17,76,0],[640,2383,17,76,0],[560,2383,17,76,0],[480,2383,17,76,0],[400,2383,17,76,0],[320,2383,17,76,0],[240,2383,17,76,0],[160,2383,17,76,0],[80,2383,17,76,0],[0,2383,17,76,0],[1152,2335,24,48,0],[1192,2255,76,8,0],[1192,2175,76,8,0],[1192,2095,76,8,0],[1152,2062,29,48,0],[1186,1676,382,14,0],[1152,1643,29,48,0],[1186,1257,382,14,0],[1152,1224,29,48,0],[1186,838,382,14,0],[1152,805,29,48,0],[1186,419,382,14,0],[1152,386,29,48,0],[1186,0,382,14,0],[960,2363,37,240,0],[880,2383,17,76,0],[800,2383,17,76,0],[720,2383,17,76,0],[640,2383,17,76,0],[560,2383,17,76,0],[480,2383,17,76,0],[400,2383,17,76,0],[320,2383,17,76,0],[240,2383,17,76,0],[160,2383,17,76,0],[80,2383,17,76,0],[0,2383,17,76,0],[1152,2335,24,48,0],[1192,2255,76,8,0],[1192,2175,76,8,0],[1192,2095,76,8,0],[1152,2062,29,48,0],[1186,1676,382,14,0],[1152,1643,29,48,0],[1186,1257,382,14,0],[1152,1224,29,48,0],[1186,838,382,14,0],[1152,805,29,48,0],[1186,419,382,14,0],[1152,386,29,48,0],[1186,0,382,14,0],[0,2373,27,1200,0],[1148,2017,14,52,0],[1182,1631,382,18,0],[1148,1613,14,52,0],[1182,1227,382,18,0],[1148,1209,14,52,0],[1182,823,382,18,0],[1148,805,14,52,0],[1182,419,382,18,0],[640,404,11,560,0],[1183,0,400,17,0],[0,2358,42,1200,0],[1152,2002,14,48,0],[1186,1616,382,14,0],[1117,1598,14,83,0],[1185,1212,382,15,0],[1148,1194,14,52,0],[1182,808,382,18,0],[1148,790,14,52,0],[1182,404,382,18,0],[1148,386,14,52,0],[1182,0,382,18,0],[0,2358,42,1200,0],[1148,2002,14,52,0],[1182,1616,382,18,0],[1148,1598,14,52,0],[1182,1212,382,18,0],[1117,1194,14,83,0],[1185,808,382,15,0],[1183,404,400,17,0],[1183,0,400,17,0],[0,2358,42,1200,0],[1148,2002,14,52,0],[1182,1616,382,18,0],[1148,1598,14,52,0],[1182,1212,382,18,0],[1148,1194,14,52,0],[1182,808,382,18,0],[1148,790,14,52,0],[1182,404,382,18,0],[1148,386,14,52,0],[1182,0,382,18,0],[0,2358,42,1200,0],[1148,2002,14,52,0],[1182,1616,382,18,0],[1148,1598,14,52,0],[1182,1212,382,18,0],[1148,1194,14,52,0],[1182,808,382,18,0],[1148,790,14,52,0],[1182,404,382,18,0],[1148,386,14,52,0],[1182,0,382,18,0],[0,2358,42,1200,0],[1080,2002,14,120,0],[1182,1616,382,18,0],[1183,1212,400,17,0],[1148,1194,14,52,0],[1182,808,382,18,0],[1148,790,14,52,0],[1182,404,382,18,0],[1148,386,14,52,0],[1182,0,382,18,0],[0,2358,42,1200,0],[1104,2002,14,96,0],[1172,1616,382,28,0],[1104,1598,14,96,0],[1172,1212,382,28,0],[1104,1194,14,96,0],[1172,808,382,28,0],[1152,790,14,48,0],[1186,404,382,14,0],[1152,386,14,48,0],[1186,0,382,14,0],[0,2358,42,1200,0],[1195,2020,334,5,0],[1152,2002,14,48,0],[1186,1616,382,14,0],[1152,1598,14,48,0],[1186,1212,382,14,0],[1167,1194,14,33,0],[1104,790,14,96,0],[1172,404,382,28,0],[1104,386,14,96,0],[1172,0,382,28,0],[0,2358,42,1200,0],[1163,2020,334,37,0],[1111,2002,14,89,0],[1179,1616,382,21,0],[1152,1598,14,48,0],[1186,1212,382,14,0],[1152,1194,14,48,0],[1186,808,382,14,0],[1152,790,14,48,0],[1186,404,382,14,0],[1152,386,14,48,0],[1186,0,382,14,0],[0,2358,42,1200,0],[1163,2020,334,37,0],[1104,2002,14,96,0],[1172,1616,382,28,0],[1104,1598,14,96,0],[1172,1212,382,28,0],[1104,1194,14,96,0],[1172,808,382,28,0],[1104,790,14,96,0],[1172,404,382,28,0],[1104,386,14,96,0],[1172,0,382,28,0],[0,2358,42,1200,0],[1163,2020,334,37,0],[1104,2002,14,96,0],[1172,1616,382,28,0],[1104,1598,14,96,0],[1172,1212,382,28,0],[1104,1194,14,96,0],[1172,808,382,28,0],[1023,790,14,177,0],[1193,404,382,7,0],[1104,386,14,96,0],[1172,0,382,28,0],[0,2358,42,1200,0],[1163,2020,334,37,0],[1023,2002,14,177,0],[1193,1616,382,7,0],[1045,1598,14,155,0],[1181,1212,382,19,0],[1126,1194,14,74,0],[1194,808,382,6,0],[1104,790,14,96,0],[1172,404,382,28,0],[1104,386,14,96,0],[1172,0,382,28,0],[0,2358,42,1200,0],[1163,2020,334,37,0],[1104,2002,14,96,0],[1172,1616,382,28,0],[1104,1598,14,96,0],[1172,1212,382,28,0],[1104,1194,14,96,0],[1172,808,382,28,0],[1104,790,14,96,0],[1172,404,382,28,0],[1023,386,14,177,0],[1193,0,382,7,0],[0,2238,162,1200,0],[646,1514,44,554,0],[1185,1176,334,15,0],[1190,790,382,10,0],[1190,404,382,10,0],[736,386,14,464,0],[1178,0,382,22,0],[0,2366,34,1200,0],[0,2366,34,1200,0],[0,2366,34,1200,0],[1188,2028,334,12,0],[1188,1690,334,12,0],[1188,1352,334,12,0],[1188,1014,334,12,0],[1157,676,334,43,0],[0,2366,34,1200,0],[1188,2028,334,12,0],[1188,1690,334,12,0],[1188,1352,334,12,0],[1188,1014,334,12,0],[1188,676,334,12,0],[1188,338,334,12,0],[1188,0,334,12,0],[0,2366,34,1200,0],[1188,2028,334,12,0],[1188,1690,334,12,0],[1188,1352,334,12,0],[1188,1014,334,12,0],[1188,676,334,12,0],[1188,338,334,12,0],[1188,0,334,12,0],[0,2366,34,1200,0],[1169,2028,334,31,0],[1163,1690,334,37,0],[1163,1352,334,37,0],[1163,1014,334,37,0],[1163,676,334,37,0],[1163,338,334,37,0],[1178,0,334,22,0],[0,2366,34,1200,0],[1163,2028,334,37,0],[1163,1690,334,37,0],[1169,1352,334,31,0],[1155,1014,334,45,0],[1155,676,334,45,0],[1155,338,334,45,0],[1155,0,334,45,0],[0,2366,34,1200,0],[1163,2028,334,37,0],[1163,1690,334,37,0],[1163,1352,334,37,0],[1163,1014,334,37,0],[1163,676,334,37,0],[1163,338,334,37,0],[1163,0,334,37,0],[0,2366,34,1200,0],[1155,2028,334,45,0],[1155,1690,334,45,0],[1155,1352,334,45,0],[1155,1014,334,45,0],[1155,676,334,45,0],[1155,338,334,45,0],[1183,0,334,17,0],[0,2366,34,1200,0],[1155,2028,334,45,0],[1155,1690,334,45,0],[1155,1352,334,45,0],[1155,1014,334,45,0],[1155,676,334,45,0],[1155,338,334,45,0],[1155,0,334,45,0],[0,2366,34,1200,0],[1155,2028,334,45,0],[1155,1690,334,45,0],[1155,1352,334,45,0],[1155,1014,334,45,0],[1155,676,334,45,0],[1155,338,334,45,0],[1155,0,334,45,0],[0,2366,34,1200,0],[1188,2028,334,12,0],[1188,1690,334,12,0],[1188,1352,334,12,0],[1188,1014,334,12,0],[1155,338,334,45,0],[1155,0,334,45,0],[0,2226,174,1200,0],[1152,1958,264,48,0],[1152,1690,264,48,0],[1197,1620,66,3,0],[929,1684,2,264,0],[661,1684,2,264,0],[393,1684,2,264,0],[1161,1352,264,39,0],[1188,1014,334,12,0],[1188,676,334,12,0],[1188,338,334,12,0],[1188,0,334,12,0],[1148,2144,254,52,0],[192,2134,6,1008,0],[1176,1876,254,24,0],[1152,1608,264,48,0],[1152,1340,264,48,0],[1152,1072,264,48,0],[1152,804,264,48,0],[1152,536,264,48,0],[1152,268,264,48,0],[1152,0,264,48,0],[0,2322,78,1200,0],[1148,2064,254,52,0],[1148,1806,254,52,0],[1148,1548,254,52,0],[1148,1290,254,52,0],[1148,1032,254,52,0],[1148,774,254,52,0],[1148,516,254,52,0],[1148,258,254,52,0],[1148,0,254,52,0],[0,1290,1110,1200,0],[738,1032,254,462,0],[1148,774,254,52,0],[1148,516,254,52,0],[1148,258,254,52,0],[1148,0,254,52,0]]}','2016-07-19 09:08:08','2016-07-19 09:11:22'),(3,1,'admin',2,'{\"panels\":[{\"width\":1110,\"height\":1200,\"req\":0,\"rects\":[[0,0,795,105,\"A10\"],[109,0,795,105,\"A10\"],[218,0,795,105,\"A10\"],[327,0,795,105,\"A10\"],[436,0,795,105,\"A10\"],[545,0,795,105,\"A10\"],[654,0,795,105,\"A10\"],[763,0,795,105,\"A10\"],[872,0,795,105,\"A10\"],[981,0,795,105,\"A10\"],[1090,0,795,105,\"A10\"],[0,799,264,60,\"A6\"],[64,799,264,60,\"A6\"],[128,799,264,60,\"A6\"],[192,799,264,60,\"A6\"],[256,799,264,60,\"A6\"],[320,799,264,60,\"A6\"],[384,799,264,60,\"A6\"],[448,799,264,60,\"A6\"],[512,799,264,60,\"A6\"],[576,799,264,60,\"A6\"],[640,799,264,60,\"A6\"],[704,799,264,60,\"A6\"],[768,799,264,60,\"A6\"],[832,799,264,60,\"A6\"],[896,799,264,60,\"A6\"],[960,799,264,60,\"A6\"],[1024,799,264,60,\"A6\"],[1088,799,264,60,\"A6\"],[1152,799,76,16,\"A7\"],[1172,799,76,16,\"A7\"],[1152,879,76,16,\"A7\"],[1172,879,76,16,\"A7\"],[1152,959,76,16,\"A7\"],[1172,959,76,16,\"A7\"],[0,1067,16,76,\"A7\"],[80,1067,16,76,\"A7\"],[160,1067,16,76,\"A7\"],[240,1067,16,76,\"A7\"],[320,1067,16,76,\"A7\"],[400,1067,16,76,\"A7\"],[480,1067,16,76,\"A7\"],[560,1067,16,76,\"A7\"],[640,1067,16,76,\"A7\"],[720,1067,16,76,\"A7\"],[800,1067,16,76,\"A7\"],[880,1067,16,76,\"A7\"],[960,1067,16,76,\"A7\"],[1040,1067,16,76,\"A7\"],[1120,1067,16,76,\"A7\"]],\"remains\":[[1120,1087,23,76,0],[1040,1087,23,76,0],[960,1087,23,76,0],[880,1087,23,76,0],[800,1087,23,76,0],[720,1087,23,76,0],[640,1087,23,76,0],[560,1087,23,76,0],[480,1087,23,76,0],[400,1087,23,76,0],[320,1087,23,76,0],[240,1087,23,76,0],[160,1087,23,76,0],[80,1087,23,76,0],[0,1087,23,76,0],[1152,1039,24,48,0],[1192,959,76,8,0],[1192,879,76,8,0],[1192,799,76,8,0],[1199,0,795,1,0]],\"id\":\"panel_1_1\"},{\"width\":78,\"height\":1200,\"req\":0,\"rects\":[[0,0,60,415,\"A8\"],[419,0,60,415,\"A8\"],[838,0,50,334,\"A1\"],[838,54,16,76,\"A7\"],[918,54,16,76,\"A7\"],[998,54,16,76,\"A7\"],[1078,54,16,76,\"A7\"],[1176,0,76,16,\"A7\"]],\"remains\":[[1196,0,76,4,0],[1158,54,24,14,0],[1078,74,4,76,0],[998,74,4,76,0],[918,74,4,76,0],[838,74,4,76,0],[419,64,14,415,0],[0,64,14,415,0]],\"id\":\"panel_1_2\"},{\"width\":174,\"height\":1200,\"req\":0,\"rects\":[[0,0,16,76,\"A7\"],[0,20,76,16,\"A7\"],[20,20,76,16,\"A7\"],[40,20,76,16,\"A7\"],[60,20,76,16,\"A7\"],[80,0,16,76,\"A7\"],[80,20,76,16,\"A7\"],[100,20,76,16,\"A7\"],[120,20,76,16,\"A7\"],[140,20,76,16,\"A7\"],[160,0,16,76,\"A7\"],[160,20,76,16,\"A7\"],[180,20,76,16,\"A7\"],[200,20,76,16,\"A7\"],[220,20,76,16,\"A7\"],[240,0,16,76,\"A7\"],[240,20,76,16,\"A7\"],[260,20,76,16,\"A7\"],[280,20,76,16,\"A7\"],[300,20,76,16,\"A7\"],[320,0,16,76,\"A7\"],[320,20,76,16,\"A7\"]],\"remains\":[[400,0,174,800,0],[320,100,74,76,0],[340,20,76,56,0],[240,100,74,76,0],[160,100,74,76,0],[80,100,74,76,0],[0,100,74,76,0]],\"id\":\"panel_1_3\"},{\"width\":162,\"height\":1200,\"req\":0,\"rects\":[],\"remains\":[[0,0,162,1200,0]],\"id\":\"panel_1_4\"},{\"width\":254,\"height\":462,\"req\":0,\"rects\":[[0,0,254,78,\"A5\"],[82,0,254,78,\"A5\"],[164,0,254,78,\"A5\"],[246,0,254,78,\"A5\"],[328,0,254,78,\"A5\"]],\"remains\":[[410,0,254,52,0]],\"id\":\"panel_1_5\"},{\"width\":254,\"height\":52,\"req\":0,\"rects\":[],\"remains\":[[0,0,254,52,0]],\"id\":\"panel_1_6\"},{\"width\":254,\"height\":52,\"req\":0,\"rects\":[],\"remains\":[[0,0,254,52,0]],\"id\":\"panel_1_7\"},{\"width\":254,\"height\":52,\"req\":0,\"rects\":[],\"remains\":[[0,0,254,52,0]],\"id\":\"panel_1_8\"},{\"width\":254,\"height\":52,\"req\":0,\"rects\":[],\"remains\":[[0,0,254,52,0]],\"id\":\"panel_1_9\"},{\"width\":254,\"height\":52,\"req\":0,\"rects\":[],\"remains\":[[0,0,254,52,0]],\"id\":\"panel_1_10\"},{\"width\":254,\"height\":52,\"req\":0,\"rects\":[],\"remains\":[[0,0,254,52,0]],\"id\":\"panel_1_11\"},{\"width\":254,\"height\":52,\"req\":0,\"rects\":[],\"remains\":[[0,0,254,52,0]],\"id\":\"panel_1_12\"},{\"width\":254,\"height\":52,\"req\":0,\"rects\":[],\"remains\":[[0,0,254,52,0]],\"id\":\"panel_1_13\"},{\"width\":254,\"height\":52,\"req\":0,\"rects\":[],\"remains\":[[0,0,254,52,0]],\"id\":\"panel_1_14\"},{\"width\":254,\"height\":52,\"req\":0,\"rects\":[],\"remains\":[[0,0,254,52,0]],\"id\":\"panel_1_15\"},{\"width\":254,\"height\":52,\"req\":0,\"rects\":[],\"remains\":[[0,0,254,52,0]],\"id\":\"panel_1_16\"},{\"width\":254,\"height\":52,\"req\":0,\"rects\":[],\"remains\":[[0,0,254,52,0]],\"id\":\"panel_1_17\"},{\"width\":254,\"height\":52,\"req\":0,\"rects\":[],\"remains\":[[0,0,254,52,0]],\"id\":\"panel_1_18\"},{\"width\":254,\"height\":52,\"req\":0,\"rects\":[],\"remains\":[[0,0,254,52,0]],\"id\":\"panel_1_19\"},{\"width\":62,\"height\":76,\"req\":0,\"rects\":[],\"remains\":[[0,0,62,76,0]],\"id\":\"panel_1_20\"},{\"width\":66,\"height\":51,\"req\":0,\"rects\":[],\"remains\":[[0,0,66,51,0]],\"id\":\"panel_1_21\"},{\"width\":62,\"height\":52,\"req\":0,\"rects\":[],\"remains\":[[0,0,62,52,0]],\"id\":\"panel_1_22\"},{\"width\":2400,\"height\":1200,\"req\":0,\"rects\":[[0,0,795,105,\"A10\"],[109,0,795,105,\"A10\"],[218,0,795,105,\"A10\"],[327,0,795,105,\"A10\"],[436,0,795,105,\"A10\"],[545,0,795,105,\"A10\"],[654,0,795,105,\"A10\"],[763,0,795,105,\"A10\"],[872,0,795,105,\"A10\"],[981,0,795,105,\"A10\"],[1090,0,795,105,\"A10\"],[0,799,795,105,\"A10\"],[109,799,795,105,\"A10\"],[218,799,795,105,\"A10\"],[327,799,795,105,\"A10\"],[436,799,795,105,\"A10\"],[545,799,795,105,\"A10\"],[654,799,795,105,\"A10\"],[763,799,795,105,\"A10\"],[872,799,795,105,\"A10\"],[981,799,795,105,\"A10\"],[1090,799,795,105,\"A10\"],[0,1598,795,105,\"A10\"],[109,1598,795,105,\"A10\"],[218,1598,795,105,\"A10\"],[327,1598,795,105,\"A10\"],[436,1598,795,105,\"A10\"],[545,1598,795,105,\"A10\"],[654,1598,795,105,\"A10\"],[763,1598,795,105,\"A10\"],[872,1598,795,105,\"A10\"],[981,1598,795,105,\"A10\"],[1090,1598,795,105,\"A10\"]],\"remains\":[[0,2397,3,1200,0],[1199,1598,795,1,0],[1199,799,795,1,0],[1199,0,795,1,0]],\"id\":\"panel_1_23\"},{\"width\":2400,\"height\":1200,\"req\":0,\"rects\":[[0,0,795,105,\"A10\"],[109,0,795,105,\"A10\"],[218,0,795,105,\"A10\"],[327,0,795,105,\"A10\"],[436,0,415,60,\"A8\"],[500,0,415,60,\"A8\"],[564,0,415,60,\"A8\"],[628,0,415,60,\"A8\"],[692,0,415,60,\"A8\"],[756,0,415,60,\"A8\"],[820,0,415,60,\"A8\"],[884,0,415,60,\"A8\"],[948,0,415,60,\"A8\"],[1012,0,415,60,\"A8\"],[1076,0,415,60,\"A8\"],[1140,0,415,60,\"A8\"],[0,799,415,60,\"A8\"],[64,799,415,60,\"A8\"],[128,799,415,60,\"A8\"],[192,799,415,60,\"A8\"],[256,799,415,60,\"A8\"],[320,799,415,60,\"A8\"],[384,799,415,60,\"A8\"],[448,799,415,60,\"A8\"],[512,799,415,60,\"A8\"],[576,799,415,60,\"A8\"],[640,799,415,60,\"A8\"],[704,799,415,60,\"A8\"],[768,799,415,60,\"A8\"],[832,799,415,60,\"A8\"],[896,799,415,60,\"A8\"],[960,799,415,60,\"A8\"],[1024,799,415,60,\"A8\"],[1088,799,415,60,\"A8\"],[0,1218,415,60,\"A8\"],[64,1218,415,60,\"A8\"],[128,1218,415,60,\"A8\"],[192,1218,415,60,\"A8\"],[256,1218,415,60,\"A8\"],[320,1218,415,60,\"A8\"],[384,1218,415,60,\"A8\"],[448,1218,415,60,\"A8\"],[512,1218,415,60,\"A8\"],[576,1218,415,60,\"A8\"],[640,1218,415,60,\"A8\"],[704,1218,415,60,\"A8\"],[768,1218,415,60,\"A8\"],[832,1218,415,60,\"A8\"],[896,1218,415,60,\"A8\"],[960,1218,415,60,\"A8\"],[1024,1218,400,124,\"A3\"],[0,1637,400,283,\"A2\"],[287,1637,400,283,\"A2\"],[574,1637,400,283,\"A2\"],[861,1637,400,283,\"A2\"],[1152,799,382,30,\"A9\"],[1152,1218,382,30,\"A9\"],[1148,1637,382,30,\"A9\"],[436,419,334,227,\"A12\"],[667,419,334,227,\"A12\"],[898,419,334,227,\"A12\"],[0,2041,334,227,\"A12\"],[231,2041,334,227,\"A12\"],[462,2041,334,227,\"A12\"],[693,2041,334,227,\"A12\"],[924,2041,334,227,\"A12\"],[1129,419,334,50,\"A1\"]],\"remains\":[[0,2379,21,1200,0],[1155,2041,334,45,0],[1148,2023,14,52,0],[1182,1637,382,18,0],[1024,1622,11,176,0],[1152,1604,14,48,0],[1186,1218,382,14,0],[1152,1185,29,48,0],[1186,799,382,14,0],[436,757,38,764,0],[1183,419,334,17,0]],\"id\":\"panel_1_24\"},{\"width\":2400,\"height\":1200,\"req\":0,\"rects\":[[0,0,400,283,\"A2\"],[287,0,400,124,\"A3\"],[415,0,400,283,\"A2\"],[702,0,400,283,\"A2\"],[989,0,400,124,\"A3\"],[0,404,400,124,\"A3\"],[128,404,400,283,\"A2\"],[415,404,400,124,\"A3\"],[543,404,400,124,\"A3\"],[671,404,400,124,\"A3\"],[799,404,400,124,\"A3\"],[927,404,400,124,\"A3\"],[1055,404,400,124,\"A3\"],[0,808,400,283,\"A2\"],[287,808,400,283,\"A2\"],[574,808,400,283,\"A2\"],[861,808,400,283,\"A2\"],[0,1212,400,283,\"A2\"],[287,1212,400,283,\"A2\"],[574,1212,400,124,\"A3\"],[702,1212,400,124,\"A3\"],[830,1212,400,283,\"A2\"],[0,1616,400,283,\"A2\"],[287,1616,400,283,\"A2\"],[574,1616,400,283,\"A2\"],[861,1616,400,283,\"A2\"],[1117,0,382,30,\"A9\"],[1151,0,382,30,\"A9\"],[1148,808,382,30,\"A9\"],[1117,1212,382,30,\"A9\"],[1151,1212,382,30,\"A9\"],[1148,1616,382,30,\"A9\"],[0,2020,334,227,\"A12\"],[231,2020,334,227,\"A12\"],[462,2020,334,227,\"A12\"],[693,2020,334,227,\"A12\"],[924,2020,334,227,\"A12\"]],\"remains\":[[0,2358,42,1200,0],[1155,2020,334,45,0],[1148,2002,14,52,0],[1182,1616,382,18,0],[1117,1598,14,83,0],[1185,1212,382,15,0],[1148,1194,14,52,0],[1182,808,382,18,0],[1183,404,400,17,0],[1117,386,14,83,0],[1185,0,382,15,0]],\"id\":\"panel_1_25\"},{\"width\":2400,\"height\":1200,\"req\":0,\"rects\":[[0,0,400,283,\"A2\"],[287,0,400,283,\"A2\"],[574,0,400,283,\"A2\"],[861,0,400,283,\"A2\"],[0,404,400,283,\"A2\"],[287,404,400,180,\"A11\"],[471,404,400,180,\"A11\"],[655,404,400,124,\"A3\"],[783,404,400,180,\"A11\"],[967,404,400,180,\"A11\"],[0,808,400,180,\"A11\"],[184,808,400,180,\"A11\"],[368,808,400,180,\"A11\"],[552,808,400,180,\"A11\"],[736,808,400,180,\"A11\"],[920,808,400,180,\"A11\"],[0,1212,400,180,\"A11\"],[184,1212,400,180,\"A11\"],[368,1212,400,180,\"A11\"],[552,1212,400,180,\"A11\"],[736,1212,400,180,\"A11\"],[920,1212,400,180,\"A11\"],[0,1616,400,180,\"A11\"],[184,1616,400,180,\"A11\"],[368,1616,400,124,\"A3\"],[496,1616,400,124,\"A3\"],[624,1616,400,124,\"A3\"],[752,1616,400,124,\"A3\"],[880,1616,400,124,\"A3\"],[1008,1616,400,124,\"A3\"],[1148,0,382,30,\"A9\"],[1151,404,382,30,\"A9\"],[1104,808,382,30,\"A9\"],[1138,808,382,30,\"A9\"],[1104,1212,382,30,\"A9\"],[1138,1212,382,30,\"A9\"],[1136,1616,382,30,\"A9\"],[1170,1616,382,30,\"A9\"],[0,2020,334,227,\"A12\"],[231,2020,334,227,\"A12\"],[462,2020,334,227,\"A12\"],[693,2020,334,227,\"A12\"],[924,2020,334,227,\"A12\"]],\"remains\":[[0,2358,42,1200,0],[1155,2020,334,45,0],[1136,2002,14,64,0],[1104,1598,14,96,0],[1172,1212,382,28,0],[1104,1194,14,96,0],[1172,808,382,28,0],[1151,790,14,49,0],[1185,404,382,15,0],[1148,386,14,52,0],[1182,0,382,18,0]],\"id\":\"panel_1_26\"},{\"width\":2400,\"height\":1200,\"req\":0,\"rects\":[[0,0,400,124,\"A3\"],[128,0,400,124,\"A3\"],[256,0,400,124,\"A3\"],[384,0,400,180,\"A11\"],[568,0,400,180,\"A11\"],[752,0,400,180,\"A11\"],[936,0,400,124,\"A3\"],[0,404,400,180,\"A11\"],[184,404,400,180,\"A11\"],[368,404,400,180,\"A11\"],[1064,0,400,124,\"A3\"],[552,404,382,30,\"A9\"],[586,404,382,30,\"A9\"],[620,404,382,30,\"A9\"],[654,404,382,30,\"A9\"],[688,404,382,30,\"A9\"],[722,404,382,30,\"A9\"],[756,404,382,30,\"A9\"],[790,404,382,30,\"A9\"],[824,404,382,30,\"A9\"],[858,404,382,30,\"A9\"],[892,404,382,30,\"A9\"],[926,404,382,30,\"A9\"],[960,404,382,30,\"A9\"],[994,404,382,30,\"A9\"],[1028,404,382,30,\"A9\"],[1062,404,382,30,\"A9\"],[1096,404,382,30,\"A9\"],[1130,404,382,30,\"A9\"],[1164,404,382,30,\"A9\"],[0,808,382,30,\"A9\"],[34,808,382,30,\"A9\"],[68,808,382,30,\"A9\"],[102,808,382,30,\"A9\"],[136,808,382,30,\"A9\"],[170,808,382,30,\"A9\"],[204,808,382,30,\"A9\"],[238,808,382,30,\"A9\"],[272,808,382,30,\"A9\"],[306,808,382,30,\"A9\"],[340,808,382,30,\"A9\"],[374,808,382,30,\"A9\"],[408,808,334,227,\"A12\"],[639,808,334,227,\"A12\"],[870,808,334,227,\"A12\"],[0,1194,334,227,\"A12\"],[231,1194,334,227,\"A12\"],[462,1194,334,160,\"A14\"],[1101,808,334,50,\"A1\"],[626,1194,334,50,\"A1\"],[680,1194,334,50,\"A1\"],[734,1194,334,50,\"A1\"],[788,1194,334,50,\"A1\"],[842,1194,334,50,\"A1\"],[896,1194,334,50,\"A1\"],[950,1194,334,50,\"A1\"],[1004,1194,334,50,\"A1\"],[1058,1194,334,50,\"A1\"],[1112,1194,334,50,\"A1\"],[0,1532,334,50,\"A1\"],[54,1532,334,50,\"A1\"],[108,1532,334,50,\"A1\"],[162,1532,334,50,\"A1\"],[216,1532,334,50,\"A1\"],[270,1532,334,50,\"A1\"],[324,1532,334,50,\"A1\"],[378,1532,334,50,\"A1\"],[432,1532,334,50,\"A1\"],[486,1532,334,50,\"A1\"],[540,1532,334,50,\"A1\"],[594,1532,334,50,\"A1\"],[648,1532,334,50,\"A1\"],[702,1532,334,50,\"A1\"],[756,1532,334,50,\"A1\"],[810,1532,334,50,\"A1\"],[864,1532,334,50,\"A1\"],[918,1532,334,50,\"A1\"],[972,1532,334,50,\"A1\"],[1026,1532,334,50,\"A1\"],[1080,1532,334,50,\"A1\"],[1134,1532,334,50,\"A1\"],[0,1870,334,50,\"A1\"],[54,1870,334,50,\"A1\"],[108,1870,334,50,\"A1\"],[162,1870,334,50,\"A1\"],[216,1870,334,50,\"A1\"],[270,1870,334,50,\"A1\"],[324,1870,334,50,\"A1\"],[378,1870,334,50,\"A1\"],[432,1870,334,50,\"A1\"],[486,1870,334,50,\"A1\"],[540,1870,334,50,\"A1\"],[594,1870,334,50,\"A1\"],[648,1870,334,50,\"A1\"],[702,1870,334,50,\"A1\"],[756,1870,334,50,\"A1\"],[810,1870,334,50,\"A1\"],[864,1870,334,50,\"A1\"],[918,1870,334,50,\"A1\"],[972,1870,334,50,\"A1\"],[1026,1870,334,50,\"A1\"],[1080,1870,334,50,\"A1\"],[1134,1870,334,50,\"A1\"]],\"remains\":[[0,2208,192,1200,0],[1188,1870,334,12,0],[1188,1532,334,12,0],[1166,1194,334,34,0],[408,1146,44,792,0],[1155,808,334,45,0],[552,790,14,648,0],[1198,404,382,2,0],[1192,0,400,8,0]],\"id\":\"panel_1_27\"},{\"width\":2400,\"height\":1200,\"req\":0,\"rects\":[[0,0,334,50,\"A1\"],[54,0,334,50,\"A1\"],[108,0,334,50,\"A1\"],[162,0,334,50,\"A1\"],[216,0,334,50,\"A1\"],[270,0,334,50,\"A1\"],[324,0,334,50,\"A1\"],[378,0,334,50,\"A1\"],[432,0,334,50,\"A1\"],[486,0,334,50,\"A1\"],[540,0,334,50,\"A1\"],[594,0,334,50,\"A1\"],[648,0,334,50,\"A1\"],[702,0,334,50,\"A1\"],[756,0,334,50,\"A1\"],[810,0,334,50,\"A1\"],[864,0,334,50,\"A1\"],[918,0,334,50,\"A1\"],[972,0,334,50,\"A1\"],[1026,0,334,50,\"A1\"],[1080,0,334,50,\"A1\"],[1134,0,334,50,\"A1\"],[0,338,334,50,\"A1\"],[54,338,334,50,\"A1\"],[108,338,334,50,\"A1\"],[162,338,334,50,\"A1\"],[216,338,334,50,\"A1\"],[270,338,334,50,\"A1\"],[324,338,334,50,\"A1\"],[378,338,334,50,\"A1\"],[432,338,334,50,\"A1\"],[486,338,334,50,\"A1\"],[540,338,334,50,\"A1\"],[594,338,334,50,\"A1\"],[648,338,334,50,\"A1\"],[702,338,334,50,\"A1\"],[756,338,334,50,\"A1\"],[810,338,334,50,\"A1\"],[864,338,334,50,\"A1\"],[918,338,334,50,\"A1\"],[972,338,334,160,\"A14\"],[0,676,334,160,\"A14\"],[164,676,334,160,\"A14\"],[328,676,334,160,\"A14\"],[492,676,334,160,\"A14\"],[656,676,334,160,\"A14\"],[820,676,334,160,\"A14\"],[984,676,334,160,\"A14\"],[0,1014,334,160,\"A14\"],[164,1014,334,160,\"A14\"],[328,1014,334,160,\"A14\"],[492,1014,334,160,\"A14\"],[656,1014,334,160,\"A14\"],[820,1014,334,160,\"A14\"],[984,1014,334,160,\"A14\"],[0,1352,334,160,\"A14\"],[164,1352,334,160,\"A14\"],[328,1352,334,160,\"A14\"],[492,1352,334,160,\"A14\"],[656,1352,334,160,\"A14\"],[820,1352,334,160,\"A14\"],[984,1352,334,160,\"A14\"],[0,1690,334,207,\"A13\"],[211,1690,334,207,\"A13\"],[422,1690,334,207,\"A13\"],[633,1690,334,207,\"A13\"],[844,1690,334,207,\"A13\"],[0,2028,334,207,\"A13\"],[211,2028,334,207,\"A13\"],[422,2028,334,207,\"A13\"],[633,2028,334,207,\"A13\"],[844,2028,334,207,\"A13\"],[1136,338,334,50,\"A1\"],[1148,676,334,50,\"A1\"],[1148,1014,334,50,\"A1\"],[1148,1352,334,50,\"A1\"],[1055,1690,334,50,\"A1\"],[1109,1690,334,50,\"A1\"],[1055,2028,334,50,\"A1\"],[1109,2028,334,50,\"A1\"]],\"remains\":[[0,2366,34,1200,0],[1163,2028,334,37,0],[1163,1690,334,37,0],[1190,338,334,10,0],[1188,0,334,12,0]],\"id\":\"panel_1_28\"},{\"width\":2400,\"height\":1200,\"req\":0,\"rects\":[[0,0,334,207,\"A13\"],[211,0,334,207,\"A13\"],[422,0,334,207,\"A13\"],[633,0,334,207,\"A13\"],[844,0,334,207,\"A13\"],[0,338,334,207,\"A13\"],[211,338,334,207,\"A13\"],[422,338,334,207,\"A13\"],[633,338,334,207,\"A13\"],[844,338,334,207,\"A13\"],[0,676,334,207,\"A13\"],[211,676,334,207,\"A13\"],[422,676,334,207,\"A13\"],[633,676,334,207,\"A13\"],[844,676,334,160,\"A14\"],[1055,0,334,50,\"A1\"],[1109,0,334,50,\"A1\"],[1055,338,334,50,\"A1\"],[1109,338,334,50,\"A1\"],[1008,676,334,50,\"A1\"],[1062,676,334,50,\"A1\"],[1116,676,334,50,\"A1\"],[0,1014,334,50,\"A1\"],[54,1014,334,50,\"A1\"],[108,1014,334,50,\"A1\"],[162,1014,334,50,\"A1\"],[216,1014,334,50,\"A1\"],[270,1014,334,50,\"A1\"],[324,1014,334,50,\"A1\"],[378,1014,334,50,\"A1\"],[432,1014,334,50,\"A1\"],[486,1014,334,50,\"A1\"],[540,1014,334,50,\"A1\"],[594,1014,334,50,\"A1\"],[648,1014,334,50,\"A1\"],[702,1014,334,50,\"A1\"],[756,1014,334,50,\"A1\"],[810,1014,334,50,\"A1\"],[864,1014,334,50,\"A1\"],[918,1014,334,50,\"A1\"],[972,1014,334,50,\"A1\"],[1026,1014,334,50,\"A1\"],[1080,1014,334,50,\"A1\"],[1134,1014,334,50,\"A1\"],[0,1352,334,50,\"A1\"],[54,1352,334,50,\"A1\"],[108,1352,334,50,\"A1\"],[162,1352,334,50,\"A1\"],[216,1352,334,50,\"A1\"],[270,1352,334,50,\"A1\"],[324,1352,334,50,\"A1\"],[378,1352,334,50,\"A1\"],[432,1352,334,50,\"A1\"],[486,1352,334,50,\"A1\"],[540,1352,334,227,\"A12\"],[771,1352,264,60,\"A6\"],[835,1352,264,60,\"A6\"],[899,1352,264,60,\"A6\"],[963,1352,264,60,\"A6\"],[1027,1352,264,60,\"A6\"],[1091,1352,264,60,\"A6\"],[771,1620,60,264,\"A6\"],[0,1690,264,60,\"A6\"],[64,1690,264,60,\"A6\"],[128,1690,264,60,\"A6\"],[192,1690,264,60,\"A6\"],[256,1690,264,60,\"A6\"],[320,1690,264,60,\"A6\"],[384,1690,264,60,\"A6\"],[448,1690,264,60,\"A6\"],[512,1690,264,60,\"A6\"],[576,1690,264,60,\"A6\"],[640,1690,264,60,\"A6\"],[704,1690,264,60,\"A6\"],[768,1690,264,60,\"A6\"],[832,1690,264,60,\"A6\"],[896,1690,264,60,\"A6\"],[960,1690,264,60,\"A6\"],[1024,1690,264,60,\"A6\"],[1088,1690,264,60,\"A6\"],[0,1958,264,60,\"A6\"],[64,1958,264,60,\"A6\"],[128,1958,264,60,\"A6\"],[192,1958,264,60,\"A6\"],[256,1958,264,60,\"A6\"],[320,1958,254,78,\"A5\"],[402,1958,254,78,\"A5\"],[484,1958,254,78,\"A5\"],[566,1958,254,78,\"A5\"],[648,1958,254,78,\"A5\"],[730,1958,254,78,\"A5\"],[812,1958,254,78,\"A5\"],[894,1958,254,78,\"A5\"],[976,1958,254,78,\"A5\"],[1058,1958,254,78,\"A5\"]],\"remains\":[[0,2226,174,1200,0],[320,2216,6,880,0],[1140,1958,254,60,0],[1152,1690,264,48,0],[1039,1620,66,161,0],[771,1684,2,264,0],[1155,1352,264,45,0],[1188,1014,334,12,0],[1170,676,334,30,0],[1163,338,334,37,0],[1163,0,334,37,0]],\"id\":\"panel_1_29\"},{\"width\":2400,\"height\":1200,\"req\":0,\"rects\":[[0,0,254,78,\"A5\"],[82,0,254,78,\"A5\"],[164,0,254,78,\"A5\"],[246,0,254,78,\"A5\"],[328,0,254,78,\"A5\"],[410,0,254,78,\"A5\"],[492,0,254,78,\"A5\"],[574,0,254,78,\"A5\"],[656,0,254,78,\"A5\"],[738,0,254,78,\"A5\"],[820,0,254,78,\"A5\"],[902,0,254,78,\"A5\"],[984,0,254,78,\"A5\"],[1066,0,254,78,\"A5\"],[0,258,254,78,\"A5\"],[82,258,254,78,\"A5\"],[164,258,254,78,\"A5\"],[246,258,254,78,\"A5\"],[328,258,254,78,\"A5\"],[410,258,254,78,\"A5\"],[492,258,254,78,\"A5\"],[574,258,254,78,\"A5\"],[656,258,254,78,\"A5\"],[738,258,254,78,\"A5\"],[820,258,254,78,\"A5\"],[902,258,254,78,\"A5\"],[984,258,254,78,\"A5\"],[1066,258,254,78,\"A5\"],[0,516,254,78,\"A5\"],[82,516,254,78,\"A5\"],[164,516,254,78,\"A5\"],[246,516,254,78,\"A5\"],[328,516,254,78,\"A5\"]],\"remains\":[[0,774,1626,1200,0],[410,516,254,790,0],[1148,258,254,52,0],[1148,0,254,52,0]],\"id\":\"panel_1_30\"}],\"remain\":[[1120,1087,23,76,0],[1040,1087,23,76,0],[960,1087,23,76,0],[880,1087,23,76,0],[800,1087,23,76,0],[720,1087,23,76,0],[640,1087,23,76,0],[560,1087,23,76,0],[480,1087,23,76,0],[400,1087,23,76,0],[320,1087,23,76,0],[240,1087,23,76,0],[160,1087,23,76,0],[80,1087,23,76,0],[0,1087,23,76,0],[1152,1039,24,48,0],[1192,959,76,8,0],[1192,879,76,8,0],[1192,799,76,8,0],[1199,0,795,1,0],[1196,0,76,4,0],[1158,54,24,14,0],[1078,74,4,76,0],[998,74,4,76,0],[918,74,4,76,0],[838,74,4,76,0],[419,64,14,415,0],[0,64,14,415,0],[400,0,174,800,0],[320,100,74,76,0],[340,20,76,56,0],[240,100,74,76,0],[160,100,74,76,0],[80,100,74,76,0],[0,100,74,76,0],[0,0,162,1200,0],[410,0,254,52,0],[0,0,254,52,0],[0,0,254,52,0],[0,0,254,52,0],[0,0,254,52,0],[0,0,254,52,0],[0,0,254,52,0],[0,0,254,52,0],[0,0,254,52,0],[0,0,254,52,0],[0,0,254,52,0],[0,0,254,52,0],[0,0,254,52,0],[0,0,254,52,0],[0,0,254,52,0],[0,0,62,76,0],[0,0,66,51,0],[0,0,62,52,0],[0,2397,3,1200,0],[1199,1598,795,1,0],[1199,799,795,1,0],[1199,0,795,1,0],[0,2379,21,1200,0],[1155,2041,334,45,0],[1148,2023,14,52,0],[1182,1637,382,18,0],[1024,1622,11,176,0],[1152,1604,14,48,0],[1186,1218,382,14,0],[1152,1185,29,48,0],[1186,799,382,14,0],[436,757,38,764,0],[1183,419,334,17,0],[0,2358,42,1200,0],[1155,2020,334,45,0],[1148,2002,14,52,0],[1182,1616,382,18,0],[1117,1598,14,83,0],[1185,1212,382,15,0],[1148,1194,14,52,0],[1182,808,382,18,0],[1183,404,400,17,0],[1117,386,14,83,0],[1185,0,382,15,0],[0,2358,42,1200,0],[1155,2020,334,45,0],[1136,2002,14,64,0],[1104,1598,14,96,0],[1172,1212,382,28,0],[1104,1194,14,96,0],[1172,808,382,28,0],[1151,790,14,49,0],[1185,404,382,15,0],[1148,386,14,52,0],[1182,0,382,18,0],[0,2208,192,1200,0],[1188,1870,334,12,0],[1188,1532,334,12,0],[1166,1194,334,34,0],[408,1146,44,792,0],[1155,808,334,45,0],[552,790,14,648,0],[1198,404,382,2,0],[1192,0,400,8,0],[0,2366,34,1200,0],[1163,2028,334,37,0],[1163,1690,334,37,0],[1190,338,334,10,0],[1188,0,334,12,0],[0,2226,174,1200,0],[320,2216,6,880,0],[1140,1958,254,60,0],[1152,1690,264,48,0],[1039,1620,66,161,0],[771,1684,2,264,0],[1155,1352,264,45,0],[1188,1014,334,12,0],[1170,676,334,30,0],[1163,338,334,37,0],[1163,0,334,37,0],[0,774,1626,1200,0],[410,516,254,790,0],[1148,258,254,52,0],[1148,0,254,52,0]]}','2016-07-19 09:08:36','2016-07-19 09:11:35');
/*!40000 ALTER TABLE `session` ENABLE KEYS */;
UNLOCK TABLES;

--
-- Table structure for table `users`
--

DROP TABLE IF EXISTS `users`;
/*!40101 SET @saved_cs_client     = @@character_set_client */;
/*!40101 SET character_set_client = utf8 */;
CREATE TABLE `users` (
  `id` int(10) unsigned NOT NULL AUTO_INCREMENT,
  `username` varchar(255) COLLATE utf8_unicode_ci NOT NULL,
  `password` varchar(255) COLLATE utf8_unicode_ci NOT NULL,
  `email` varchar(255) COLLATE utf8_unicode_ci NOT NULL,
  `level` tinyint(4) NOT NULL,
  `created_at` timestamp NULL DEFAULT NULL,
  `updated_at` timestamp NULL DEFAULT NULL,
  `remember_token` varchar(100) COLLATE utf8_unicode_ci DEFAULT NULL,
  PRIMARY KEY (`id`)
) ENGINE=InnoDB AUTO_INCREMENT=5 DEFAULT CHARSET=utf8 COLLATE=utf8_unicode_ci;
/*!40101 SET character_set_client = @saved_cs_client */;

--
-- Dumping data for table `users`
--

LOCK TABLES `users` WRITE;
/*!40000 ALTER TABLE `users` DISABLE KEYS */;
INSERT INTO `users` VALUES (1,'admin','$2a$08$s4x3pHwzO.wMP0rNYb4akOCXr95aM.ZJo3dHSKej7zjoWAydWpVRC','admin@goma.com',1,NULL,'2016-07-21 06:53:27','RGgQlUdTmgVgsVo8j6B1eh7vLHoc0YXhb4oYcPbVTOmP8N5AXnVq0jyfJeDe'),(2,'sale_admin','$2y$10$l8cxjUZoFMM1TEpjho99NOaY7MCt0C1OoYRm7PELRL8VrRjbIE23u','saleadmin@vmail.com',2,'2016-07-14 07:23:13','2016-07-20 06:13:42','kdGUPhYtb0L0oLSmtqmTwGUpPiBGLn9cYCJYsvcjn8K9HRw8TCsUUiewOrcS'),(3,'sale1','$2y$10$PQ5/b1.w/HhsTWThS4sPAOf7JXd9BnqiJJ/9og3TmzczGS2IBaeEy','sale1@company.com',3,'2016-07-14 07:23:40','2016-07-21 06:55:05','IfCtqW89RwBDC5A1M8GIeapSeqezhs4Tj5OVggA7ULMGNGIRzmpQRy4lyPCS'),(4,'tech','$2y$10$yb8QBDlqLYRn7uvFxSiRMe6oaWP08qRPYJggqqtsLsFNz8cdQupL.','tech@wood.com',4,'2016-07-14 07:24:28','2016-07-20 06:13:01','UtuCWabDsOMgfYL9EYXpqBGQa0x4GNTwSPpcTdbc3nDMTItn8XViobl2RIDa');
/*!40000 ALTER TABLE `users` ENABLE KEYS */;
UNLOCK TABLES;

--
-- Table structure for table `vat_dung`
--

DROP TABLE IF EXISTS `vat_dung`;
/*!40101 SET @saved_cs_client     = @@character_set_client */;
/*!40101 SET character_set_client = utf8 */;
CREATE TABLE `vat_dung` (
  `id` int(10) unsigned NOT NULL AUTO_INCREMENT,
  `ma_vat_dung` varchar(255) COLLATE utf8_unicode_ci NOT NULL,
  `ten` varchar(255) COLLATE utf8_unicode_ci NOT NULL,
  `mo_ta` varchar(255) COLLATE utf8_unicode_ci NOT NULL,
  `gia_san_xuat` double NOT NULL,
  `created_at` timestamp NULL DEFAULT NULL,
  `updated_at` timestamp NULL DEFAULT NULL,
  `gia_san_pham` double DEFAULT NULL COMMENT '	',
  `he_so` double DEFAULT NULL,
  PRIMARY KEY (`id`)
) ENGINE=InnoDB AUTO_INCREMENT=5 DEFAULT CHARSET=utf8 COLLATE=utf8_unicode_ci;
/*!40101 SET character_set_client = @saved_cs_client */;

--
-- Dumping data for table `vat_dung`
--

LOCK TABLES `vat_dung` WRITE;
/*!40000 ALTER TABLE `vat_dung` DISABLE KEYS */;
INSERT INTO `vat_dung` VALUES (1,'VD1','Ghế G1','Ghế nội thất',24,'2016-07-02 20:45:42','2016-07-02 20:45:42',NULL,NULL),(2,'VD2','Bàn B1','Bàn B1 ghép với bộ ghế A1',11,'2016-07-02 21:23:18','2016-07-02 21:23:18',NULL,NULL),(3,'VD3','Bàn Cafe B2','Bàn Cafe',12,'2016-07-09 20:17:38','2016-07-09 20:17:38',2,NULL),(4,'VD4','Tủ TV','Tủ ti vi khách sạn',100,'2016-07-21 06:45:27','2016-07-21 06:45:27',150,1.5);
/*!40000 ALTER TABLE `vat_dung` ENABLE KEYS */;
UNLOCK TABLES;

--
-- Table structure for table `vat_lieu`
--

DROP TABLE IF EXISTS `vat_lieu`;
/*!40101 SET @saved_cs_client     = @@character_set_client */;
/*!40101 SET character_set_client = utf8 */;
CREATE TABLE `vat_lieu` (
  `id` int(10) unsigned NOT NULL AUTO_INCREMENT,
  `ten_ma` varchar(255) COLLATE utf8_unicode_ci NOT NULL,
  `ten` varchar(255) COLLATE utf8_unicode_ci NOT NULL,
  `rong` double NOT NULL,
  `dai` double NOT NULL,
  `cao` double NOT NULL,
  `chat_lieu` int(11) NOT NULL,
  `yeu_cau` int(11) NOT NULL,
  `mo_ta` varchar(255) COLLATE utf8_unicode_ci NOT NULL,
  `created_at` timestamp NULL DEFAULT NULL,
  `updated_at` timestamp NULL DEFAULT NULL,
  PRIMARY KEY (`id`)
) ENGINE=InnoDB AUTO_INCREMENT=15 DEFAULT CHARSET=utf8 COLLATE=utf8_unicode_ci;
/*!40101 SET character_set_client = @saved_cs_client */;

--
-- Dumping data for table `vat_lieu`
--

LOCK TABLES `vat_lieu` WRITE;
/*!40000 ALTER TABLE `vat_lieu` DISABLE KEYS */;
INSERT INTO `vat_lieu` VALUES (1,'VL1','A1',334,50,2,1,0,'','2016-07-02 20:28:37','2016-07-02 20:28:37'),(2,'VL2','A2',400,283,2,1,0,'',NULL,NULL),(3,'VL3','A3',400,124,2,1,0,'',NULL,NULL),(4,'VL4','A4',254,60,2,1,0,'',NULL,NULL),(5,'VL5','A5',254,78,2,1,0,'',NULL,NULL),(6,'VL6','A6',264,60,2,1,0,'',NULL,NULL),(7,'VL7','A7',76,16,2,1,0,'',NULL,NULL),(8,'VL8','A8',415,60,2,1,0,'',NULL,NULL),(9,'VL9','A9',382,30,2,1,0,'',NULL,NULL),(10,'VL10','A10',795,105,2,1,0,'',NULL,NULL),(11,'VL11','A11',400,180,2,1,0,'',NULL,NULL),(12,'VL12','A12',334,227,2,1,0,'',NULL,NULL),(13,'VL13','A13',334,207,2,1,0,'',NULL,NULL),(14,'VL14','A14',334,160,2,1,0,'',NULL,NULL);
/*!40000 ALTER TABLE `vat_lieu` ENABLE KEYS */;
UNLOCK TABLES;
/*!40103 SET TIME_ZONE=@OLD_TIME_ZONE */;

/*!40101 SET SQL_MODE=@OLD_SQL_MODE */;
/*!40014 SET FOREIGN_KEY_CHECKS=@OLD_FOREIGN_KEY_CHECKS */;
/*!40014 SET UNIQUE_CHECKS=@OLD_UNIQUE_CHECKS */;
/*!40101 SET CHARACTER_SET_CLIENT=@OLD_CHARACTER_SET_CLIENT */;
/*!40101 SET CHARACTER_SET_RESULTS=@OLD_CHARACTER_SET_RESULTS */;
/*!40101 SET COLLATION_CONNECTION=@OLD_COLLATION_CONNECTION */;
/*!40111 SET SQL_NOTES=@OLD_SQL_NOTES */;

-- Dump completed on 2016-07-22 21:46:35
